INSERT INTO `player`.`drop_default` (`mob_vnum`,`item_vnum`,`count`,`prob`) VALUES(2491 , 30179, 1, 4000);
INSERT INTO `player`.`drop_default` (`mob_vnum`,`item_vnum`,`count`,`prob`) VALUES(2492 , 30179, 1, 4000);
INSERT INTO `player`.`drop_default` (`mob_vnum`,`item_vnum`,`count`,`prob`) VALUES(2493 , 71123, 1, 4000);
INSERT INTO `player`.`drop_default` (`mob_vnum`,`item_vnum`,`count`,`prob`) VALUES(2493 , 71129, 1, 4000);
INSERT INTO `player`.`drop_default` (`mob_vnum`,`item_vnum`,`count`,`prob`) VALUES(2493 , 71123, 1, 4000);
INSERT INTO `player`.`drop_default` (`mob_vnum`,`item_vnum`,`count`,`prob`) VALUES(2493 , 71129, 1, 4000);
INSERT INTO `player`.`drop_default` (`mob_vnum`,`item_vnum`,`count`,`prob`) VALUES(2493 , 71123, 1, 4000);
INSERT INTO `player`.`drop_default` (`mob_vnum`,`item_vnum`,`count`,`prob`) VALUES(2493 , 71129, 1, 4000);
INSERT INTO `player`.`drop_default` (`mob_vnum`,`item_vnum`,`count`,`prob`) VALUES(2493 , 71084, 200, 4000);
INSERT INTO `player`.`drop_default` (`mob_vnum`,`item_vnum`,`count`,`prob`) VALUES(2493 , 71085, 200, 4000);
INSERT INTO `player`.`drop_default` (`mob_vnum`,`item_vnum`,`count`,`prob`) VALUES(2493 , 71114, 1, 200);
INSERT INTO `player`.`drop_default` (`mob_vnum`,`item_vnum`,`count`,`prob`) VALUES(2493 , 71116, 1, 150);
INSERT INTO `player`.`drop_default` (`mob_vnum`,`item_vnum`,`count`,`prob`) VALUES(2493 , 71118, 1, 100);
INSERT INTO `player`.`drop_default` (`mob_vnum`,`item_vnum`,`count`,`prob`) VALUES(2493 , 71120, 1, 50);
INSERT INTO `player`.`drop_default` (`mob_vnum`,`item_vnum`,`count`,`prob`) VALUES(2494 , 30179, 1, 4000);
INSERT INTO `player`.`drop_default` (`mob_vnum`,`item_vnum`,`count`,`prob`) VALUES(2495 , 30179, 1, 4000);
INSERT INTO `player`.`drop_default` (`mob_vnum`,`item_vnum`,`count`,`prob`) VALUES(591 , 90010, 3, 500);
INSERT INTO `player`.`drop_default` (`mob_vnum`,`item_vnum`,`count`,`prob`) VALUES(591 , 50513, 1, 500);
INSERT INTO `player`.`drop_default` (`mob_vnum`,`item_vnum`,`count`,`prob`) VALUES(591 , 25040, 5, 500);
INSERT INTO `player`.`drop_default` (`mob_vnum`,`item_vnum`,`count`,`prob`) VALUES(591 , 27987, 5, 500);
INSERT INTO `player`.`drop_default` (`mob_vnum`,`item_vnum`,`count`,`prob`) VALUES(591 , 70102, 5, 500);
INSERT INTO `player`.`drop_default` (`mob_vnum`,`item_vnum`,`count`,`prob`) VALUES(591 , 71044, 3, 500);
INSERT INTO `player`.`drop_default` (`mob_vnum`,`item_vnum`,`count`,`prob`) VALUES(591 , 71045, 3, 500);
INSERT INTO `player`.`drop_default` (`mob_vnum`,`item_vnum`,`count`,`prob`) VALUES(591 , 72043, 1, 500);
INSERT INTO `player`.`drop_default` (`mob_vnum`,`item_vnum`,`count`,`prob`) VALUES(691 , 90010, 3, 500);
INSERT INTO `player`.`drop_default` (`mob_vnum`,`item_vnum`,`count`,`prob`) VALUES(691 , 50513, 1, 500);
INSERT INTO `player`.`drop_default` (`mob_vnum`,`item_vnum`,`count`,`prob`) VALUES(691 , 25040, 5, 500);
INSERT INTO `player`.`drop_default` (`mob_vnum`,`item_vnum`,`count`,`prob`) VALUES(691 , 27987, 5, 500);
INSERT INTO `player`.`drop_default` (`mob_vnum`,`item_vnum`,`count`,`prob`) VALUES(691 , 70102, 5, 500);
INSERT INTO `player`.`drop_default` (`mob_vnum`,`item_vnum`,`count`,`prob`) VALUES(691 , 71044, 3, 500);
INSERT INTO `player`.`drop_default` (`mob_vnum`,`item_vnum`,`count`,`prob`) VALUES(691 , 71045, 3, 500);
INSERT INTO `player`.`drop_default` (`mob_vnum`,`item_vnum`,`count`,`prob`) VALUES(691 , 72043, 1, 500);
INSERT INTO `player`.`drop_default` (`mob_vnum`,`item_vnum`,`count`,`prob`) VALUES(691 , 50070, 1, 4000);
INSERT INTO `player`.`drop_default` (`mob_vnum`,`item_vnum`,`count`,`prob`) VALUES(691 , 52701, 1, 100);
INSERT INTO `player`.`drop_default` (`mob_vnum`,`item_vnum`,`count`,`prob`) VALUES(2191 , 90012, 3, 500);
INSERT INTO `player`.`drop_default` (`mob_vnum`,`item_vnum`,`count`,`prob`) VALUES(2191 , 50513, 1, 500);
INSERT INTO `player`.`drop_default` (`mob_vnum`,`item_vnum`,`count`,`prob`) VALUES(2191 , 25040, 5, 500);
INSERT INTO `player`.`drop_default` (`mob_vnum`,`item_vnum`,`count`,`prob`) VALUES(2191 , 27987, 5, 500);
INSERT INTO `player`.`drop_default` (`mob_vnum`,`item_vnum`,`count`,`prob`) VALUES(2191 , 70102, 5, 500);
INSERT INTO `player`.`drop_default` (`mob_vnum`,`item_vnum`,`count`,`prob`) VALUES(2191 , 71044, 3, 500);
INSERT INTO `player`.`drop_default` (`mob_vnum`,`item_vnum`,`count`,`prob`) VALUES(2191 , 71045, 3, 500);
INSERT INTO `player`.`drop_default` (`mob_vnum`,`item_vnum`,`count`,`prob`) VALUES(2191 , 72043, 1, 500);
INSERT INTO `player`.`drop_default` (`mob_vnum`,`item_vnum`,`count`,`prob`) VALUES(2191 , 50076, 1, 4000);
INSERT INTO `player`.`drop_default` (`mob_vnum`,`item_vnum`,`count`,`prob`) VALUES(2091 , 90011, 3, 500);
INSERT INTO `player`.`drop_default` (`mob_vnum`,`item_vnum`,`count`,`prob`) VALUES(2091 , 50513, 1, 500);
INSERT INTO `player`.`drop_default` (`mob_vnum`,`item_vnum`,`count`,`prob`) VALUES(2091 , 25040, 5, 500);
INSERT INTO `player`.`drop_default` (`mob_vnum`,`item_vnum`,`count`,`prob`) VALUES(2091 , 27987, 5, 500);
INSERT INTO `player`.`drop_default` (`mob_vnum`,`item_vnum`,`count`,`prob`) VALUES(2091 , 70102, 5, 500);
INSERT INTO `player`.`drop_default` (`mob_vnum`,`item_vnum`,`count`,`prob`) VALUES(2091 , 71044, 3, 500);
INSERT INTO `player`.`drop_default` (`mob_vnum`,`item_vnum`,`count`,`prob`) VALUES(2091 , 71045, 3, 500);
INSERT INTO `player`.`drop_default` (`mob_vnum`,`item_vnum`,`count`,`prob`) VALUES(2091 , 72043, 1, 500);
INSERT INTO `player`.`drop_default` (`mob_vnum`,`item_vnum`,`count`,`prob`) VALUES(2091 , 50073, 1, 4000);
INSERT INTO `player`.`drop_default` (`mob_vnum`,`item_vnum`,`count`,`prob`) VALUES(2091 , 71095, 1, 4000);
INSERT INTO `player`.`drop_default` (`mob_vnum`,`item_vnum`,`count`,`prob`) VALUES(2091 , 52703, 1, 100);
INSERT INTO `player`.`drop_default` (`mob_vnum`,`item_vnum`,`count`,`prob`) VALUES(2206 , 90012, 3, 500);
INSERT INTO `player`.`drop_default` (`mob_vnum`,`item_vnum`,`count`,`prob`) VALUES(2206 , 50513, 1, 500);
INSERT INTO `player`.`drop_default` (`mob_vnum`,`item_vnum`,`count`,`prob`) VALUES(2206 , 25040, 5, 500);
INSERT INTO `player`.`drop_default` (`mob_vnum`,`item_vnum`,`count`,`prob`) VALUES(2206 , 27987, 5, 500);
INSERT INTO `player`.`drop_default` (`mob_vnum`,`item_vnum`,`count`,`prob`) VALUES(2206 , 70102, 5, 500);
INSERT INTO `player`.`drop_default` (`mob_vnum`,`item_vnum`,`count`,`prob`) VALUES(2206 , 71044, 3, 500);
INSERT INTO `player`.`drop_default` (`mob_vnum`,`item_vnum`,`count`,`prob`) VALUES(2206 , 71045, 3, 500);
INSERT INTO `player`.`drop_default` (`mob_vnum`,`item_vnum`,`count`,`prob`) VALUES(2206 , 72043, 1, 500);
INSERT INTO `player`.`drop_default` (`mob_vnum`,`item_vnum`,`count`,`prob`) VALUES(2206 , 30091, 5, 500);
INSERT INTO `player`.`drop_default` (`mob_vnum`,`item_vnum`,`count`,`prob`) VALUES(2206 , 50079, 1, 4000);
INSERT INTO `player`.`drop_default` (`mob_vnum`,`item_vnum`,`count`,`prob`) VALUES(2206 , 52702, 1, 100);
INSERT INTO `player`.`drop_default` (`mob_vnum`,`item_vnum`,`count`,`prob`) VALUES(1304 , 90012, 3, 500);
INSERT INTO `player`.`drop_default` (`mob_vnum`,`item_vnum`,`count`,`prob`) VALUES(1304 , 50513, 1, 500);
INSERT INTO `player`.`drop_default` (`mob_vnum`,`item_vnum`,`count`,`prob`) VALUES(1304 , 25040, 5, 500);
INSERT INTO `player`.`drop_default` (`mob_vnum`,`item_vnum`,`count`,`prob`) VALUES(1304 , 27987, 5, 500);
INSERT INTO `player`.`drop_default` (`mob_vnum`,`item_vnum`,`count`,`prob`) VALUES(1304 , 70102, 5, 500);
INSERT INTO `player`.`drop_default` (`mob_vnum`,`item_vnum`,`count`,`prob`) VALUES(1304 , 71044, 3, 500);
INSERT INTO `player`.`drop_default` (`mob_vnum`,`item_vnum`,`count`,`prob`) VALUES(1304 , 71045, 3, 500);
INSERT INTO `player`.`drop_default` (`mob_vnum`,`item_vnum`,`count`,`prob`) VALUES(1304 , 72043, 1, 500);
INSERT INTO `player`.`drop_default` (`mob_vnum`,`item_vnum`,`count`,`prob`) VALUES(1304 , 50078, 1, 4000);
INSERT INTO `player`.`drop_default` (`mob_vnum`,`item_vnum`,`count`,`prob`) VALUES(1304 , 52704, 1, 100);
INSERT INTO `player`.`drop_default` (`mob_vnum`,`item_vnum`,`count`,`prob`) VALUES(1091 , 50513, 1, 500);
INSERT INTO `player`.`drop_default` (`mob_vnum`,`item_vnum`,`count`,`prob`) VALUES(1091 , 30016, 5, 500);
INSERT INTO `player`.`drop_default` (`mob_vnum`,`item_vnum`,`count`,`prob`) VALUES(1091 , 30087, 5, 500);
INSERT INTO `player`.`drop_default` (`mob_vnum`,`item_vnum`,`count`,`prob`) VALUES(1091 , 30015, 5, 500);
INSERT INTO `player`.`drop_default` (`mob_vnum`,`item_vnum`,`count`,`prob`) VALUES(1091 , 30086, 5, 500);
INSERT INTO `player`.`drop_default` (`mob_vnum`,`item_vnum`,`count`,`prob`) VALUES(1091 , 50081, 1, 4000);
INSERT INTO `player`.`drop_default` (`mob_vnum`,`item_vnum`,`count`,`prob`) VALUES(1092 , 50513, 1, 500);
INSERT INTO `player`.`drop_default` (`mob_vnum`,`item_vnum`,`count`,`prob`) VALUES(1092 , 30016, 5, 500);
INSERT INTO `player`.`drop_default` (`mob_vnum`,`item_vnum`,`count`,`prob`) VALUES(1092 , 30087, 5, 500);
INSERT INTO `player`.`drop_default` (`mob_vnum`,`item_vnum`,`count`,`prob`) VALUES(1092 , 30015, 5, 500);
INSERT INTO `player`.`drop_default` (`mob_vnum`,`item_vnum`,`count`,`prob`) VALUES(1092 , 30086, 5, 500);
INSERT INTO `player`.`drop_default` (`mob_vnum`,`item_vnum`,`count`,`prob`) VALUES(1092 , 50081, 1, 4000);
INSERT INTO `player`.`drop_default` (`mob_vnum`,`item_vnum`,`count`,`prob`) VALUES(1093 , 25040, 3, 500);
INSERT INTO `player`.`drop_default` (`mob_vnum`,`item_vnum`,`count`,`prob`) VALUES(1093 , 50513, 1, 500);
INSERT INTO `player`.`drop_default` (`mob_vnum`,`item_vnum`,`count`,`prob`) VALUES(1093 , 25040, 5, 500);
INSERT INTO `player`.`drop_default` (`mob_vnum`,`item_vnum`,`count`,`prob`) VALUES(1093 , 27987, 10, 500);
INSERT INTO `player`.`drop_default` (`mob_vnum`,`item_vnum`,`count`,`prob`) VALUES(1093 , 70102, 5, 500);
INSERT INTO `player`.`drop_default` (`mob_vnum`,`item_vnum`,`count`,`prob`) VALUES(1093 , 71044, 5, 500);
INSERT INTO `player`.`drop_default` (`mob_vnum`,`item_vnum`,`count`,`prob`) VALUES(1093 , 71045, 5, 500);
INSERT INTO `player`.`drop_default` (`mob_vnum`,`item_vnum`,`count`,`prob`) VALUES(1093 , 72043, 1, 500);
INSERT INTO `player`.`drop_default` (`mob_vnum`,`item_vnum`,`count`,`prob`) VALUES(1093 , 71032, 1, 500);
INSERT INTO `player`.`drop_default` (`mob_vnum`,`item_vnum`,`count`,`prob`) VALUES(1093 , 27992, 1, 500);
INSERT INTO `player`.`drop_default` (`mob_vnum`,`item_vnum`,`count`,`prob`) VALUES(1093 , 27993, 1, 500);
INSERT INTO `player`.`drop_default` (`mob_vnum`,`item_vnum`,`count`,`prob`) VALUES(1093 , 27994, 1, 500);
INSERT INTO `player`.`drop_default` (`mob_vnum`,`item_vnum`,`count`,`prob`) VALUES(1093 , 50082, 1, 4000);
INSERT INTO `player`.`drop_default` (`mob_vnum`,`item_vnum`,`count`,`prob`) VALUES(1093 , 30190, 1, 4000);
INSERT INTO `player`.`drop_default` (`mob_vnum`,`item_vnum`,`count`,`prob`) VALUES(1093 , 38055, 1, 100);
INSERT INTO `player`.`drop_default` (`mob_vnum`,`item_vnum`,`count`,`prob`) VALUES(1191 , 50513, 5, 500);
INSERT INTO `player`.`drop_default` (`mob_vnum`,`item_vnum`,`count`,`prob`) VALUES(1191 , 80019, 3, 4000);
INSERT INTO `player`.`drop_default` (`mob_vnum`,`item_vnum`,`count`,`prob`) VALUES(1192 , 11294, 1, 100);
INSERT INTO `player`.`drop_default` (`mob_vnum`,`item_vnum`,`count`,`prob`) VALUES(1192 , 11494, 1, 100);
INSERT INTO `player`.`drop_default` (`mob_vnum`,`item_vnum`,`count`,`prob`) VALUES(1192 , 11694, 1, 100);
INSERT INTO `player`.`drop_default` (`mob_vnum`,`item_vnum`,`count`,`prob`) VALUES(1192 , 11894, 1, 100);
INSERT INTO `player`.`drop_default` (`mob_vnum`,`item_vnum`,`count`,`prob`) VALUES(1192 , 13064, 1, 100);
INSERT INTO `player`.`drop_default` (`mob_vnum`,`item_vnum`,`count`,`prob`) VALUES(1192 , 13084, 1, 100);
INSERT INTO `player`.`drop_default` (`mob_vnum`,`item_vnum`,`count`,`prob`) VALUES(1192 , 13104, 1, 100);
INSERT INTO `player`.`drop_default` (`mob_vnum`,`item_vnum`,`count`,`prob`) VALUES(1192 , 13124, 1, 100);
INSERT INTO `player`.`drop_default` (`mob_vnum`,`item_vnum`,`count`,`prob`) VALUES(1192 , 15164, 1, 100);
INSERT INTO `player`.`drop_default` (`mob_vnum`,`item_vnum`,`count`,`prob`) VALUES(1192 , 15184, 1, 100);
INSERT INTO `player`.`drop_default` (`mob_vnum`,`item_vnum`,`count`,`prob`) VALUES(1192 , 15204, 1, 100);
INSERT INTO `player`.`drop_default` (`mob_vnum`,`item_vnum`,`count`,`prob`) VALUES(1192 , 15224, 1, 100);
INSERT INTO `player`.`drop_default` (`mob_vnum`,`item_vnum`,`count`,`prob`) VALUES(1192 , 16164, 1, 100);
INSERT INTO `player`.`drop_default` (`mob_vnum`,`item_vnum`,`count`,`prob`) VALUES(1192 , 17164, 1, 100);
INSERT INTO `player`.`drop_default` (`mob_vnum`,`item_vnum`,`count`,`prob`) VALUES(1192 , 16184, 1, 100);
INSERT INTO `player`.`drop_default` (`mob_vnum`,`item_vnum`,`count`,`prob`) VALUES(1192 , 17184, 1, 100);
INSERT INTO `player`.`drop_default` (`mob_vnum`,`item_vnum`,`count`,`prob`) VALUES(1192 , 16204, 1, 100);
INSERT INTO `player`.`drop_default` (`mob_vnum`,`item_vnum`,`count`,`prob`) VALUES(1192 , 17204, 1, 100);
INSERT INTO `player`.`drop_default` (`mob_vnum`,`item_vnum`,`count`,`prob`) VALUES(1192 , 17144, 1, 100);
INSERT INTO `player`.`drop_default` (`mob_vnum`,`item_vnum`,`count`,`prob`) VALUES(1192 , 70031, 5, 100);
INSERT INTO `player`.`drop_default` (`mob_vnum`,`item_vnum`,`count`,`prob`) VALUES(1192 , 50513, 5, 100);
INSERT INTO `player`.`drop_default` (`mob_vnum`,`item_vnum`,`count`,`prob`) VALUES(1192 , 80019, 3, 4000);
INSERT INTO `player`.`drop_default` (`mob_vnum`,`item_vnum`,`count`,`prob`) VALUES(8001 , 70102, 1, 500);
INSERT INTO `player`.`drop_default` (`mob_vnum`,`item_vnum`,`count`,`prob`) VALUES(8001 , 25040, 1, 100);
INSERT INTO `player`.`drop_default` (`mob_vnum`,`item_vnum`,`count`,`prob`) VALUES(8001 , 50011, 1, 600);
INSERT INTO `player`.`drop_default` (`mob_vnum`,`item_vnum`,`count`,`prob`) VALUES(8001 , 38053, 1, 4000);
INSERT INTO `player`.`drop_default` (`mob_vnum`,`item_vnum`,`count`,`prob`) VALUES(8001 , 38052, 1, 4000);
INSERT INTO `player`.`drop_default` (`mob_vnum`,`item_vnum`,`count`,`prob`) VALUES(8002 , 70102, 1, 500);
INSERT INTO `player`.`drop_default` (`mob_vnum`,`item_vnum`,`count`,`prob`) VALUES(8002 , 25040, 1, 500);
INSERT INTO `player`.`drop_default` (`mob_vnum`,`item_vnum`,`count`,`prob`) VALUES(8002 , 50011, 1, 600);
INSERT INTO `player`.`drop_default` (`mob_vnum`,`item_vnum`,`count`,`prob`) VALUES(8002 , 38053, 1, 4000);
INSERT INTO `player`.`drop_default` (`mob_vnum`,`item_vnum`,`count`,`prob`) VALUES(8002 , 38052, 1, 4000);
INSERT INTO `player`.`drop_default` (`mob_vnum`,`item_vnum`,`count`,`prob`) VALUES(8003 , 70102, 1, 500);
INSERT INTO `player`.`drop_default` (`mob_vnum`,`item_vnum`,`count`,`prob`) VALUES(8003 , 25040, 1, 500);
INSERT INTO `player`.`drop_default` (`mob_vnum`,`item_vnum`,`count`,`prob`) VALUES(8003 , 50011, 1, 600);
INSERT INTO `player`.`drop_default` (`mob_vnum`,`item_vnum`,`count`,`prob`) VALUES(8003 , 38053, 1, 4000);
INSERT INTO `player`.`drop_default` (`mob_vnum`,`item_vnum`,`count`,`prob`) VALUES(8003 , 38052, 1, 4000);
INSERT INTO `player`.`drop_default` (`mob_vnum`,`item_vnum`,`count`,`prob`) VALUES(8004 , 70102, 1, 500);
INSERT INTO `player`.`drop_default` (`mob_vnum`,`item_vnum`,`count`,`prob`) VALUES(8004 , 25040, 1, 500);
INSERT INTO `player`.`drop_default` (`mob_vnum`,`item_vnum`,`count`,`prob`) VALUES(8004 , 70014, 1, 100);
INSERT INTO `player`.`drop_default` (`mob_vnum`,`item_vnum`,`count`,`prob`) VALUES(8004 , 38053, 1, 4000);
INSERT INTO `player`.`drop_default` (`mob_vnum`,`item_vnum`,`count`,`prob`) VALUES(8004 , 38052, 1, 4000);
INSERT INTO `player`.`drop_default` (`mob_vnum`,`item_vnum`,`count`,`prob`) VALUES(8005 , 70102, 1, 500);
INSERT INTO `player`.`drop_default` (`mob_vnum`,`item_vnum`,`count`,`prob`) VALUES(8005 , 25040, 1, 500);
INSERT INTO `player`.`drop_default` (`mob_vnum`,`item_vnum`,`count`,`prob`) VALUES(8005 , 70014, 1, 10);
INSERT INTO `player`.`drop_default` (`mob_vnum`,`item_vnum`,`count`,`prob`) VALUES(8005 , 70037, 1, 10);
INSERT INTO `player`.`drop_default` (`mob_vnum`,`item_vnum`,`count`,`prob`) VALUES(8005 , 28330, 1, 30);
INSERT INTO `player`.`drop_default` (`mob_vnum`,`item_vnum`,`count`,`prob`) VALUES(8005 , 28331, 1, 30);
INSERT INTO `player`.`drop_default` (`mob_vnum`,`item_vnum`,`count`,`prob`) VALUES(8005 , 28332, 1, 30);
INSERT INTO `player`.`drop_default` (`mob_vnum`,`item_vnum`,`count`,`prob`) VALUES(8005 , 28333, 1, 30);
INSERT INTO `player`.`drop_default` (`mob_vnum`,`item_vnum`,`count`,`prob`) VALUES(8005 , 28334, 1, 30);
INSERT INTO `player`.`drop_default` (`mob_vnum`,`item_vnum`,`count`,`prob`) VALUES(8005 , 28335, 1, 30);
INSERT INTO `player`.`drop_default` (`mob_vnum`,`item_vnum`,`count`,`prob`) VALUES(8005 , 28336, 1, 30);
INSERT INTO `player`.`drop_default` (`mob_vnum`,`item_vnum`,`count`,`prob`) VALUES(8005 , 28337, 1, 30);
INSERT INTO `player`.`drop_default` (`mob_vnum`,`item_vnum`,`count`,`prob`) VALUES(8005 , 28338, 1, 30);
INSERT INTO `player`.`drop_default` (`mob_vnum`,`item_vnum`,`count`,`prob`) VALUES(8005 , 28339, 1, 30);
INSERT INTO `player`.`drop_default` (`mob_vnum`,`item_vnum`,`count`,`prob`) VALUES(8005 , 28340, 1, 30);
INSERT INTO `player`.`drop_default` (`mob_vnum`,`item_vnum`,`count`,`prob`) VALUES(8005 , 28341, 1, 30);
INSERT INTO `player`.`drop_default` (`mob_vnum`,`item_vnum`,`count`,`prob`) VALUES(8005 , 28342, 1, 30);
INSERT INTO `player`.`drop_default` (`mob_vnum`,`item_vnum`,`count`,`prob`) VALUES(8005 , 28343, 1, 30);
INSERT INTO `player`.`drop_default` (`mob_vnum`,`item_vnum`,`count`,`prob`) VALUES(8005 , 50011, 1, 600);
INSERT INTO `player`.`drop_default` (`mob_vnum`,`item_vnum`,`count`,`prob`) VALUES(8005 , 38053, 1, 4000);
INSERT INTO `player`.`drop_default` (`mob_vnum`,`item_vnum`,`count`,`prob`) VALUES(8005 , 38052, 1, 4000);
INSERT INTO `player`.`drop_default` (`mob_vnum`,`item_vnum`,`count`,`prob`) VALUES(8006 , 70102, 1, 500);
INSERT INTO `player`.`drop_default` (`mob_vnum`,`item_vnum`,`count`,`prob`) VALUES(8006 , 25040, 1, 500);
INSERT INTO `player`.`drop_default` (`mob_vnum`,`item_vnum`,`count`,`prob`) VALUES(8006 , 70014, 1, 10);
INSERT INTO `player`.`drop_default` (`mob_vnum`,`item_vnum`,`count`,`prob`) VALUES(8006 , 70037, 1, 10);
INSERT INTO `player`.`drop_default` (`mob_vnum`,`item_vnum`,`count`,`prob`) VALUES(8006 , 28330, 1, 30);
INSERT INTO `player`.`drop_default` (`mob_vnum`,`item_vnum`,`count`,`prob`) VALUES(8006 , 28331, 1, 30);
INSERT INTO `player`.`drop_default` (`mob_vnum`,`item_vnum`,`count`,`prob`) VALUES(8006 , 28332, 1, 30);
INSERT INTO `player`.`drop_default` (`mob_vnum`,`item_vnum`,`count`,`prob`) VALUES(8006 , 28333, 1, 30);
INSERT INTO `player`.`drop_default` (`mob_vnum`,`item_vnum`,`count`,`prob`) VALUES(8006 , 28334, 1, 30);
INSERT INTO `player`.`drop_default` (`mob_vnum`,`item_vnum`,`count`,`prob`) VALUES(8006 , 28335, 1, 30);
INSERT INTO `player`.`drop_default` (`mob_vnum`,`item_vnum`,`count`,`prob`) VALUES(8006 , 28336, 1, 30);
INSERT INTO `player`.`drop_default` (`mob_vnum`,`item_vnum`,`count`,`prob`) VALUES(8006 , 28337, 1, 30);
INSERT INTO `player`.`drop_default` (`mob_vnum`,`item_vnum`,`count`,`prob`) VALUES(8006 , 28338, 1, 30);
INSERT INTO `player`.`drop_default` (`mob_vnum`,`item_vnum`,`count`,`prob`) VALUES(8006 , 28339, 1, 30);
INSERT INTO `player`.`drop_default` (`mob_vnum`,`item_vnum`,`count`,`prob`) VALUES(8006 , 28340, 1, 30);
INSERT INTO `player`.`drop_default` (`mob_vnum`,`item_vnum`,`count`,`prob`) VALUES(8006 , 28341, 1, 30);
INSERT INTO `player`.`drop_default` (`mob_vnum`,`item_vnum`,`count`,`prob`) VALUES(8006 , 28342, 1, 30);
INSERT INTO `player`.`drop_default` (`mob_vnum`,`item_vnum`,`count`,`prob`) VALUES(8006 , 28343, 1, 30);
INSERT INTO `player`.`drop_default` (`mob_vnum`,`item_vnum`,`count`,`prob`) VALUES(8006 , 50011, 1, 600);
INSERT INTO `player`.`drop_default` (`mob_vnum`,`item_vnum`,`count`,`prob`) VALUES(8006 , 38053, 1, 4000);
INSERT INTO `player`.`drop_default` (`mob_vnum`,`item_vnum`,`count`,`prob`) VALUES(8006 , 38052, 1, 4000);
INSERT INTO `player`.`drop_default` (`mob_vnum`,`item_vnum`,`count`,`prob`) VALUES(8007 , 70102, 1, 500);
INSERT INTO `player`.`drop_default` (`mob_vnum`,`item_vnum`,`count`,`prob`) VALUES(8007 , 25040, 1, 500);
INSERT INTO `player`.`drop_default` (`mob_vnum`,`item_vnum`,`count`,`prob`) VALUES(8007 , 30092, 1, 10);
INSERT INTO `player`.`drop_default` (`mob_vnum`,`item_vnum`,`count`,`prob`) VALUES(8007 , 70037, 1, 10);
INSERT INTO `player`.`drop_default` (`mob_vnum`,`item_vnum`,`count`,`prob`) VALUES(8007 , 28330, 1, 30);
INSERT INTO `player`.`drop_default` (`mob_vnum`,`item_vnum`,`count`,`prob`) VALUES(8007 , 28331, 1, 30);
INSERT INTO `player`.`drop_default` (`mob_vnum`,`item_vnum`,`count`,`prob`) VALUES(8007 , 28332, 1, 30);
INSERT INTO `player`.`drop_default` (`mob_vnum`,`item_vnum`,`count`,`prob`) VALUES(8007 , 28333, 1, 30);
INSERT INTO `player`.`drop_default` (`mob_vnum`,`item_vnum`,`count`,`prob`) VALUES(8007 , 28334, 1, 30);
INSERT INTO `player`.`drop_default` (`mob_vnum`,`item_vnum`,`count`,`prob`) VALUES(8007 , 28335, 1, 30);
INSERT INTO `player`.`drop_default` (`mob_vnum`,`item_vnum`,`count`,`prob`) VALUES(8007 , 28336, 1, 30);
INSERT INTO `player`.`drop_default` (`mob_vnum`,`item_vnum`,`count`,`prob`) VALUES(8007 , 28337, 1, 30);
INSERT INTO `player`.`drop_default` (`mob_vnum`,`item_vnum`,`count`,`prob`) VALUES(8007 , 28338, 1, 30);
INSERT INTO `player`.`drop_default` (`mob_vnum`,`item_vnum`,`count`,`prob`) VALUES(8007 , 28339, 1, 30);
INSERT INTO `player`.`drop_default` (`mob_vnum`,`item_vnum`,`count`,`prob`) VALUES(8007 , 28340, 1, 30);
INSERT INTO `player`.`drop_default` (`mob_vnum`,`item_vnum`,`count`,`prob`) VALUES(8007 , 28341, 1, 30);
INSERT INTO `player`.`drop_default` (`mob_vnum`,`item_vnum`,`count`,`prob`) VALUES(8007 , 28342, 1, 30);
INSERT INTO `player`.`drop_default` (`mob_vnum`,`item_vnum`,`count`,`prob`) VALUES(8007 , 28343, 1, 30);
INSERT INTO `player`.`drop_default` (`mob_vnum`,`item_vnum`,`count`,`prob`) VALUES(8007 , 50011, 1, 600);
INSERT INTO `player`.`drop_default` (`mob_vnum`,`item_vnum`,`count`,`prob`) VALUES(8007 , 38053, 1, 4000);
INSERT INTO `player`.`drop_default` (`mob_vnum`,`item_vnum`,`count`,`prob`) VALUES(8007 , 38052, 1, 4000);
INSERT INTO `player`.`drop_default` (`mob_vnum`,`item_vnum`,`count`,`prob`) VALUES(8008 , 50513, 1, 500);
INSERT INTO `player`.`drop_default` (`mob_vnum`,`item_vnum`,`count`,`prob`) VALUES(8008 , 70102, 1, 500);
INSERT INTO `player`.`drop_default` (`mob_vnum`,`item_vnum`,`count`,`prob`) VALUES(8008 , 25040, 1, 500);
INSERT INTO `player`.`drop_default` (`mob_vnum`,`item_vnum`,`count`,`prob`) VALUES(8008 , 70014, 1, 10);
INSERT INTO `player`.`drop_default` (`mob_vnum`,`item_vnum`,`count`,`prob`) VALUES(8008 , 70037, 1, 10);
INSERT INTO `player`.`drop_default` (`mob_vnum`,`item_vnum`,`count`,`prob`) VALUES(8008 , 28330, 1, 30);
INSERT INTO `player`.`drop_default` (`mob_vnum`,`item_vnum`,`count`,`prob`) VALUES(8008 , 28331, 1, 30);
INSERT INTO `player`.`drop_default` (`mob_vnum`,`item_vnum`,`count`,`prob`) VALUES(8008 , 28332, 1, 30);
INSERT INTO `player`.`drop_default` (`mob_vnum`,`item_vnum`,`count`,`prob`) VALUES(8008 , 28333, 1, 30);
INSERT INTO `player`.`drop_default` (`mob_vnum`,`item_vnum`,`count`,`prob`) VALUES(8008 , 28334, 1, 30);
INSERT INTO `player`.`drop_default` (`mob_vnum`,`item_vnum`,`count`,`prob`) VALUES(8008 , 28335, 1, 30);
INSERT INTO `player`.`drop_default` (`mob_vnum`,`item_vnum`,`count`,`prob`) VALUES(8008 , 28336, 1, 30);
INSERT INTO `player`.`drop_default` (`mob_vnum`,`item_vnum`,`count`,`prob`) VALUES(8008 , 28337, 1, 30);
INSERT INTO `player`.`drop_default` (`mob_vnum`,`item_vnum`,`count`,`prob`) VALUES(8008 , 28338, 1, 30);
INSERT INTO `player`.`drop_default` (`mob_vnum`,`item_vnum`,`count`,`prob`) VALUES(8008 , 28339, 1, 30);
INSERT INTO `player`.`drop_default` (`mob_vnum`,`item_vnum`,`count`,`prob`) VALUES(8008 , 28340, 1, 30);
INSERT INTO `player`.`drop_default` (`mob_vnum`,`item_vnum`,`count`,`prob`) VALUES(8008 , 28341, 1, 30);
INSERT INTO `player`.`drop_default` (`mob_vnum`,`item_vnum`,`count`,`prob`) VALUES(8008 , 28342, 1, 30);
INSERT INTO `player`.`drop_default` (`mob_vnum`,`item_vnum`,`count`,`prob`) VALUES(8008 , 28343, 1, 30);
INSERT INTO `player`.`drop_default` (`mob_vnum`,`item_vnum`,`count`,`prob`) VALUES(8008 , 50011, 1, 600);
INSERT INTO `player`.`drop_default` (`mob_vnum`,`item_vnum`,`count`,`prob`) VALUES(8008 , 38053, 1, 4000);
INSERT INTO `player`.`drop_default` (`mob_vnum`,`item_vnum`,`count`,`prob`) VALUES(8008 , 38052, 1, 4000);
INSERT INTO `player`.`drop_default` (`mob_vnum`,`item_vnum`,`count`,`prob`) VALUES(8009 , 50513, 1, 500);
INSERT INTO `player`.`drop_default` (`mob_vnum`,`item_vnum`,`count`,`prob`) VALUES(8009 , 70102, 1, 500);
INSERT INTO `player`.`drop_default` (`mob_vnum`,`item_vnum`,`count`,`prob`) VALUES(8009 , 25040, 1, 500);
INSERT INTO `player`.`drop_default` (`mob_vnum`,`item_vnum`,`count`,`prob`) VALUES(8009 , 70014, 1, 10);
INSERT INTO `player`.`drop_default` (`mob_vnum`,`item_vnum`,`count`,`prob`) VALUES(8009 , 70037, 1, 10);
INSERT INTO `player`.`drop_default` (`mob_vnum`,`item_vnum`,`count`,`prob`) VALUES(8009 , 28330, 1, 30);
INSERT INTO `player`.`drop_default` (`mob_vnum`,`item_vnum`,`count`,`prob`) VALUES(8009 , 28331, 1, 30);
INSERT INTO `player`.`drop_default` (`mob_vnum`,`item_vnum`,`count`,`prob`) VALUES(8009 , 28332, 1, 30);
INSERT INTO `player`.`drop_default` (`mob_vnum`,`item_vnum`,`count`,`prob`) VALUES(8009 , 28333, 1, 30);
INSERT INTO `player`.`drop_default` (`mob_vnum`,`item_vnum`,`count`,`prob`) VALUES(8009 , 28334, 1, 30);
INSERT INTO `player`.`drop_default` (`mob_vnum`,`item_vnum`,`count`,`prob`) VALUES(8009 , 28335, 1, 30);
INSERT INTO `player`.`drop_default` (`mob_vnum`,`item_vnum`,`count`,`prob`) VALUES(8009 , 28336, 1, 30);
INSERT INTO `player`.`drop_default` (`mob_vnum`,`item_vnum`,`count`,`prob`) VALUES(8009 , 28337, 1, 30);
INSERT INTO `player`.`drop_default` (`mob_vnum`,`item_vnum`,`count`,`prob`) VALUES(8009 , 28338, 1, 30);
INSERT INTO `player`.`drop_default` (`mob_vnum`,`item_vnum`,`count`,`prob`) VALUES(8009 , 28339, 1, 30);
INSERT INTO `player`.`drop_default` (`mob_vnum`,`item_vnum`,`count`,`prob`) VALUES(8009 , 28340, 1, 30);
INSERT INTO `player`.`drop_default` (`mob_vnum`,`item_vnum`,`count`,`prob`) VALUES(8009 , 28341, 1, 30);
INSERT INTO `player`.`drop_default` (`mob_vnum`,`item_vnum`,`count`,`prob`) VALUES(8009 , 28342, 1, 30);
INSERT INTO `player`.`drop_default` (`mob_vnum`,`item_vnum`,`count`,`prob`) VALUES(8009 , 28343, 1, 30);
INSERT INTO `player`.`drop_default` (`mob_vnum`,`item_vnum`,`count`,`prob`) VALUES(8009 , 11256, 1, 100);
INSERT INTO `player`.`drop_default` (`mob_vnum`,`item_vnum`,`count`,`prob`) VALUES(8009 , 11456, 1, 100);
INSERT INTO `player`.`drop_default` (`mob_vnum`,`item_vnum`,`count`,`prob`) VALUES(8009 , 11656, 1, 100);
INSERT INTO `player`.`drop_default` (`mob_vnum`,`item_vnum`,`count`,`prob`) VALUES(8009 , 11856, 1, 100);
INSERT INTO `player`.`drop_default` (`mob_vnum`,`item_vnum`,`count`,`prob`) VALUES(8009 , 17166, 1, 100);
INSERT INTO `player`.`drop_default` (`mob_vnum`,`item_vnum`,`count`,`prob`) VALUES(8009 , 50011, 1, 600);
INSERT INTO `player`.`drop_default` (`mob_vnum`,`item_vnum`,`count`,`prob`) VALUES(8009 , 38053, 2, 4000);
INSERT INTO `player`.`drop_default` (`mob_vnum`,`item_vnum`,`count`,`prob`) VALUES(8009 , 38052, 2, 4000);
INSERT INTO `player`.`drop_default` (`mob_vnum`,`item_vnum`,`count`,`prob`) VALUES(8010 , 50513, 1, 500);
INSERT INTO `player`.`drop_default` (`mob_vnum`,`item_vnum`,`count`,`prob`) VALUES(8010 , 70102, 1, 500);
INSERT INTO `player`.`drop_default` (`mob_vnum`,`item_vnum`,`count`,`prob`) VALUES(8010 , 25040, 1, 500);
INSERT INTO `player`.`drop_default` (`mob_vnum`,`item_vnum`,`count`,`prob`) VALUES(8010 , 70014, 1, 10);
INSERT INTO `player`.`drop_default` (`mob_vnum`,`item_vnum`,`count`,`prob`) VALUES(8010 , 70037, 1, 10);
INSERT INTO `player`.`drop_default` (`mob_vnum`,`item_vnum`,`count`,`prob`) VALUES(8010 , 28330, 1, 30);
INSERT INTO `player`.`drop_default` (`mob_vnum`,`item_vnum`,`count`,`prob`) VALUES(8010 , 28331, 1, 30);
INSERT INTO `player`.`drop_default` (`mob_vnum`,`item_vnum`,`count`,`prob`) VALUES(8010 , 28332, 1, 30);
INSERT INTO `player`.`drop_default` (`mob_vnum`,`item_vnum`,`count`,`prob`) VALUES(8010 , 28333, 1, 30);
INSERT INTO `player`.`drop_default` (`mob_vnum`,`item_vnum`,`count`,`prob`) VALUES(8010 , 28334, 1, 30);
INSERT INTO `player`.`drop_default` (`mob_vnum`,`item_vnum`,`count`,`prob`) VALUES(8010 , 28335, 1, 30);
INSERT INTO `player`.`drop_default` (`mob_vnum`,`item_vnum`,`count`,`prob`) VALUES(8010 , 28336, 1, 30);
INSERT INTO `player`.`drop_default` (`mob_vnum`,`item_vnum`,`count`,`prob`) VALUES(8010 , 28337, 1, 30);
INSERT INTO `player`.`drop_default` (`mob_vnum`,`item_vnum`,`count`,`prob`) VALUES(8010 , 28338, 1, 30);
INSERT INTO `player`.`drop_default` (`mob_vnum`,`item_vnum`,`count`,`prob`) VALUES(8010 , 28339, 1, 30);
INSERT INTO `player`.`drop_default` (`mob_vnum`,`item_vnum`,`count`,`prob`) VALUES(8010 , 28340, 1, 30);
INSERT INTO `player`.`drop_default` (`mob_vnum`,`item_vnum`,`count`,`prob`) VALUES(8010 , 28341, 1, 30);
INSERT INTO `player`.`drop_default` (`mob_vnum`,`item_vnum`,`count`,`prob`) VALUES(8010 , 28342, 1, 30);
INSERT INTO `player`.`drop_default` (`mob_vnum`,`item_vnum`,`count`,`prob`) VALUES(8010 , 28343, 1, 30);
INSERT INTO `player`.`drop_default` (`mob_vnum`,`item_vnum`,`count`,`prob`) VALUES(8010 , 11256, 1, 110);
INSERT INTO `player`.`drop_default` (`mob_vnum`,`item_vnum`,`count`,`prob`) VALUES(8010 , 11456, 1, 110);
INSERT INTO `player`.`drop_default` (`mob_vnum`,`item_vnum`,`count`,`prob`) VALUES(8010 , 11656, 1, 110);
INSERT INTO `player`.`drop_default` (`mob_vnum`,`item_vnum`,`count`,`prob`) VALUES(8010 , 11856, 1, 110);
INSERT INTO `player`.`drop_default` (`mob_vnum`,`item_vnum`,`count`,`prob`) VALUES(8010 , 27987, 1, 30);
INSERT INTO `player`.`drop_default` (`mob_vnum`,`item_vnum`,`count`,`prob`) VALUES(8010 , 50011, 1, 600);
INSERT INTO `player`.`drop_default` (`mob_vnum`,`item_vnum`,`count`,`prob`) VALUES(8010 , 38053, 2, 4000);
INSERT INTO `player`.`drop_default` (`mob_vnum`,`item_vnum`,`count`,`prob`) VALUES(8010 , 38052, 2, 4000);
INSERT INTO `player`.`drop_default` (`mob_vnum`,`item_vnum`,`count`,`prob`) VALUES(8011 , 50513, 1, 510);
INSERT INTO `player`.`drop_default` (`mob_vnum`,`item_vnum`,`count`,`prob`) VALUES(8011 , 70102, 1, 510);
INSERT INTO `player`.`drop_default` (`mob_vnum`,`item_vnum`,`count`,`prob`) VALUES(8011 , 25040, 1, 510);
INSERT INTO `player`.`drop_default` (`mob_vnum`,`item_vnum`,`count`,`prob`) VALUES(8011 , 70014, 1, 10);
INSERT INTO `player`.`drop_default` (`mob_vnum`,`item_vnum`,`count`,`prob`) VALUES(8011 , 70037, 1, 10);
INSERT INTO `player`.`drop_default` (`mob_vnum`,`item_vnum`,`count`,`prob`) VALUES(8011 , 28330, 1, 30);
INSERT INTO `player`.`drop_default` (`mob_vnum`,`item_vnum`,`count`,`prob`) VALUES(8011 , 28331, 1, 30);
INSERT INTO `player`.`drop_default` (`mob_vnum`,`item_vnum`,`count`,`prob`) VALUES(8011 , 28332, 1, 30);
INSERT INTO `player`.`drop_default` (`mob_vnum`,`item_vnum`,`count`,`prob`) VALUES(8011 , 28333, 1, 30);
INSERT INTO `player`.`drop_default` (`mob_vnum`,`item_vnum`,`count`,`prob`) VALUES(8011 , 28334, 1, 30);
INSERT INTO `player`.`drop_default` (`mob_vnum`,`item_vnum`,`count`,`prob`) VALUES(8011 , 28335, 1, 30);
INSERT INTO `player`.`drop_default` (`mob_vnum`,`item_vnum`,`count`,`prob`) VALUES(8011 , 28336, 1, 30);
INSERT INTO `player`.`drop_default` (`mob_vnum`,`item_vnum`,`count`,`prob`) VALUES(8011 , 28337, 1, 30);
INSERT INTO `player`.`drop_default` (`mob_vnum`,`item_vnum`,`count`,`prob`) VALUES(8011 , 28338, 1, 30);
INSERT INTO `player`.`drop_default` (`mob_vnum`,`item_vnum`,`count`,`prob`) VALUES(8011 , 28339, 1, 30);
INSERT INTO `player`.`drop_default` (`mob_vnum`,`item_vnum`,`count`,`prob`) VALUES(8011 , 28340, 1, 30);
INSERT INTO `player`.`drop_default` (`mob_vnum`,`item_vnum`,`count`,`prob`) VALUES(8011 , 28341, 1, 30);
INSERT INTO `player`.`drop_default` (`mob_vnum`,`item_vnum`,`count`,`prob`) VALUES(8011 , 28342, 1, 30);
INSERT INTO `player`.`drop_default` (`mob_vnum`,`item_vnum`,`count`,`prob`) VALUES(8011 , 28343, 1, 30);
INSERT INTO `player`.`drop_default` (`mob_vnum`,`item_vnum`,`count`,`prob`) VALUES(8011 , 3116, 1, 100);
INSERT INTO `player`.`drop_default` (`mob_vnum`,`item_vnum`,`count`,`prob`) VALUES(8011 , 2116, 1, 100);
INSERT INTO `player`.`drop_default` (`mob_vnum`,`item_vnum`,`count`,`prob`) VALUES(8011 , 126, 1, 100);
INSERT INTO `player`.`drop_default` (`mob_vnum`,`item_vnum`,`count`,`prob`) VALUES(8011 , 1086, 1, 100);
INSERT INTO `player`.`drop_default` (`mob_vnum`,`item_vnum`,`count`,`prob`) VALUES(8011 , 7116, 1, 100);
INSERT INTO `player`.`drop_default` (`mob_vnum`,`item_vnum`,`count`,`prob`) VALUES(8011 , 5076, 1, 100);
INSERT INTO `player`.`drop_default` (`mob_vnum`,`item_vnum`,`count`,`prob`) VALUES(8011 , 27987, 1, 30);
INSERT INTO `player`.`drop_default` (`mob_vnum`,`item_vnum`,`count`,`prob`) VALUES(8011 , 50011, 1, 600);
INSERT INTO `player`.`drop_default` (`mob_vnum`,`item_vnum`,`count`,`prob`) VALUES(8011 , 38053, 2, 4000);
INSERT INTO `player`.`drop_default` (`mob_vnum`,`item_vnum`,`count`,`prob`) VALUES(8011 , 38052, 2, 4000);
INSERT INTO `player`.`drop_default` (`mob_vnum`,`item_vnum`,`count`,`prob`) VALUES(8012 , 50513, 1, 520);
INSERT INTO `player`.`drop_default` (`mob_vnum`,`item_vnum`,`count`,`prob`) VALUES(8012 , 70102, 1, 520);
INSERT INTO `player`.`drop_default` (`mob_vnum`,`item_vnum`,`count`,`prob`) VALUES(8012 , 25040, 1, 520);
INSERT INTO `player`.`drop_default` (`mob_vnum`,`item_vnum`,`count`,`prob`) VALUES(8012 , 70014, 1, 10);
INSERT INTO `player`.`drop_default` (`mob_vnum`,`item_vnum`,`count`,`prob`) VALUES(8012 , 70037, 1, 10);
INSERT INTO `player`.`drop_default` (`mob_vnum`,`item_vnum`,`count`,`prob`) VALUES(8012 , 28330, 1, 30);
INSERT INTO `player`.`drop_default` (`mob_vnum`,`item_vnum`,`count`,`prob`) VALUES(8012 , 28331, 1, 30);
INSERT INTO `player`.`drop_default` (`mob_vnum`,`item_vnum`,`count`,`prob`) VALUES(8012 , 28332, 1, 30);
INSERT INTO `player`.`drop_default` (`mob_vnum`,`item_vnum`,`count`,`prob`) VALUES(8012 , 28333, 1, 30);
INSERT INTO `player`.`drop_default` (`mob_vnum`,`item_vnum`,`count`,`prob`) VALUES(8012 , 28334, 1, 30);
INSERT INTO `player`.`drop_default` (`mob_vnum`,`item_vnum`,`count`,`prob`) VALUES(8012 , 28335, 1, 30);
INSERT INTO `player`.`drop_default` (`mob_vnum`,`item_vnum`,`count`,`prob`) VALUES(8012 , 28336, 1, 30);
INSERT INTO `player`.`drop_default` (`mob_vnum`,`item_vnum`,`count`,`prob`) VALUES(8012 , 28337, 1, 30);
INSERT INTO `player`.`drop_default` (`mob_vnum`,`item_vnum`,`count`,`prob`) VALUES(8012 , 28338, 1, 30);
INSERT INTO `player`.`drop_default` (`mob_vnum`,`item_vnum`,`count`,`prob`) VALUES(8012 , 28339, 1, 30);
INSERT INTO `player`.`drop_default` (`mob_vnum`,`item_vnum`,`count`,`prob`) VALUES(8012 , 28340, 1, 30);
INSERT INTO `player`.`drop_default` (`mob_vnum`,`item_vnum`,`count`,`prob`) VALUES(8012 , 28341, 1, 30);
INSERT INTO `player`.`drop_default` (`mob_vnum`,`item_vnum`,`count`,`prob`) VALUES(8012 , 28342, 1, 30);
INSERT INTO `player`.`drop_default` (`mob_vnum`,`item_vnum`,`count`,`prob`) VALUES(8012 , 28343, 1, 30);
INSERT INTO `player`.`drop_default` (`mob_vnum`,`item_vnum`,`count`,`prob`) VALUES(8012 , 136, 1, 100);
INSERT INTO `player`.`drop_default` (`mob_vnum`,`item_vnum`,`count`,`prob`) VALUES(8012 , 3126, 1, 100);
INSERT INTO `player`.`drop_default` (`mob_vnum`,`item_vnum`,`count`,`prob`) VALUES(8012 , 2126, 1, 100);
INSERT INTO `player`.`drop_default` (`mob_vnum`,`item_vnum`,`count`,`prob`) VALUES(8012 , 1096, 1, 100);
INSERT INTO `player`.`drop_default` (`mob_vnum`,`item_vnum`,`count`,`prob`) VALUES(8012 , 7126, 1, 100);
INSERT INTO `player`.`drop_default` (`mob_vnum`,`item_vnum`,`count`,`prob`) VALUES(8012 , 5086, 1, 100);
INSERT INTO `player`.`drop_default` (`mob_vnum`,`item_vnum`,`count`,`prob`) VALUES(8012 , 27987, 1, 30);
INSERT INTO `player`.`drop_default` (`mob_vnum`,`item_vnum`,`count`,`prob`) VALUES(8012 , 50011, 1, 600);
INSERT INTO `player`.`drop_default` (`mob_vnum`,`item_vnum`,`count`,`prob`) VALUES(8012 , 38053, 2, 4000);
INSERT INTO `player`.`drop_default` (`mob_vnum`,`item_vnum`,`count`,`prob`) VALUES(8012 , 38052, 2, 4000);
INSERT INTO `player`.`drop_default` (`mob_vnum`,`item_vnum`,`count`,`prob`) VALUES(8013 , 50513, 1, 530);
INSERT INTO `player`.`drop_default` (`mob_vnum`,`item_vnum`,`count`,`prob`) VALUES(8013 , 70102, 1, 530);
INSERT INTO `player`.`drop_default` (`mob_vnum`,`item_vnum`,`count`,`prob`) VALUES(8013 , 25040, 1, 530);
INSERT INTO `player`.`drop_default` (`mob_vnum`,`item_vnum`,`count`,`prob`) VALUES(8013 , 70014, 1, 10);
INSERT INTO `player`.`drop_default` (`mob_vnum`,`item_vnum`,`count`,`prob`) VALUES(8013 , 70037, 1, 10);
INSERT INTO `player`.`drop_default` (`mob_vnum`,`item_vnum`,`count`,`prob`) VALUES(8013 , 28330, 1, 30);
INSERT INTO `player`.`drop_default` (`mob_vnum`,`item_vnum`,`count`,`prob`) VALUES(8013 , 28331, 1, 30);
INSERT INTO `player`.`drop_default` (`mob_vnum`,`item_vnum`,`count`,`prob`) VALUES(8013 , 28332, 1, 30);
INSERT INTO `player`.`drop_default` (`mob_vnum`,`item_vnum`,`count`,`prob`) VALUES(8013 , 28333, 1, 30);
INSERT INTO `player`.`drop_default` (`mob_vnum`,`item_vnum`,`count`,`prob`) VALUES(8013 , 28334, 1, 30);
INSERT INTO `player`.`drop_default` (`mob_vnum`,`item_vnum`,`count`,`prob`) VALUES(8013 , 28335, 1, 30);
INSERT INTO `player`.`drop_default` (`mob_vnum`,`item_vnum`,`count`,`prob`) VALUES(8013 , 28336, 1, 30);
INSERT INTO `player`.`drop_default` (`mob_vnum`,`item_vnum`,`count`,`prob`) VALUES(8013 , 28337, 1, 30);
INSERT INTO `player`.`drop_default` (`mob_vnum`,`item_vnum`,`count`,`prob`) VALUES(8013 , 28338, 1, 30);
INSERT INTO `player`.`drop_default` (`mob_vnum`,`item_vnum`,`count`,`prob`) VALUES(8013 , 28339, 1, 30);
INSERT INTO `player`.`drop_default` (`mob_vnum`,`item_vnum`,`count`,`prob`) VALUES(8013 , 28340, 1, 30);
INSERT INTO `player`.`drop_default` (`mob_vnum`,`item_vnum`,`count`,`prob`) VALUES(8013 , 28341, 1, 30);
INSERT INTO `player`.`drop_default` (`mob_vnum`,`item_vnum`,`count`,`prob`) VALUES(8013 , 28342, 1, 30);
INSERT INTO `player`.`drop_default` (`mob_vnum`,`item_vnum`,`count`,`prob`) VALUES(8013 , 28343, 1, 30);
INSERT INTO `player`.`drop_default` (`mob_vnum`,`item_vnum`,`count`,`prob`) VALUES(8013 , 3116, 1, 110);
INSERT INTO `player`.`drop_default` (`mob_vnum`,`item_vnum`,`count`,`prob`) VALUES(8013 , 2116, 1, 110);
INSERT INTO `player`.`drop_default` (`mob_vnum`,`item_vnum`,`count`,`prob`) VALUES(8013 , 126, 1, 110);
INSERT INTO `player`.`drop_default` (`mob_vnum`,`item_vnum`,`count`,`prob`) VALUES(8013 , 1086, 1, 110);
INSERT INTO `player`.`drop_default` (`mob_vnum`,`item_vnum`,`count`,`prob`) VALUES(8013 , 7116, 1, 110);
INSERT INTO `player`.`drop_default` (`mob_vnum`,`item_vnum`,`count`,`prob`) VALUES(8013 , 5076, 1, 110);
INSERT INTO `player`.`drop_default` (`mob_vnum`,`item_vnum`,`count`,`prob`) VALUES(8013 , 27987, 1, 30);
INSERT INTO `player`.`drop_default` (`mob_vnum`,`item_vnum`,`count`,`prob`) VALUES(8013 , 50011, 1, 600);
INSERT INTO `player`.`drop_default` (`mob_vnum`,`item_vnum`,`count`,`prob`) VALUES(8013 , 38053, 2, 4000);
INSERT INTO `player`.`drop_default` (`mob_vnum`,`item_vnum`,`count`,`prob`) VALUES(8013 , 38052, 2, 4000);
INSERT INTO `player`.`drop_default` (`mob_vnum`,`item_vnum`,`count`,`prob`) VALUES(8014 , 50513, 2, 540);
INSERT INTO `player`.`drop_default` (`mob_vnum`,`item_vnum`,`count`,`prob`) VALUES(8014 , 70102, 1, 540);
INSERT INTO `player`.`drop_default` (`mob_vnum`,`item_vnum`,`count`,`prob`) VALUES(8014 , 25040, 1, 540);
INSERT INTO `player`.`drop_default` (`mob_vnum`,`item_vnum`,`count`,`prob`) VALUES(8014 , 70014, 1, 10);
INSERT INTO `player`.`drop_default` (`mob_vnum`,`item_vnum`,`count`,`prob`) VALUES(8014 , 70037, 1, 10);
INSERT INTO `player`.`drop_default` (`mob_vnum`,`item_vnum`,`count`,`prob`) VALUES(8014 , 28330, 1, 30);
INSERT INTO `player`.`drop_default` (`mob_vnum`,`item_vnum`,`count`,`prob`) VALUES(8014 , 28331, 1, 30);
INSERT INTO `player`.`drop_default` (`mob_vnum`,`item_vnum`,`count`,`prob`) VALUES(8014 , 28332, 1, 30);
INSERT INTO `player`.`drop_default` (`mob_vnum`,`item_vnum`,`count`,`prob`) VALUES(8014 , 28333, 1, 30);
INSERT INTO `player`.`drop_default` (`mob_vnum`,`item_vnum`,`count`,`prob`) VALUES(8014 , 28334, 1, 30);
INSERT INTO `player`.`drop_default` (`mob_vnum`,`item_vnum`,`count`,`prob`) VALUES(8014 , 28335, 1, 30);
INSERT INTO `player`.`drop_default` (`mob_vnum`,`item_vnum`,`count`,`prob`) VALUES(8014 , 28336, 1, 30);
INSERT INTO `player`.`drop_default` (`mob_vnum`,`item_vnum`,`count`,`prob`) VALUES(8014 , 28337, 1, 30);
INSERT INTO `player`.`drop_default` (`mob_vnum`,`item_vnum`,`count`,`prob`) VALUES(8014 , 28338, 1, 30);
INSERT INTO `player`.`drop_default` (`mob_vnum`,`item_vnum`,`count`,`prob`) VALUES(8014 , 28339, 1, 30);
INSERT INTO `player`.`drop_default` (`mob_vnum`,`item_vnum`,`count`,`prob`) VALUES(8014 , 28340, 1, 30);
INSERT INTO `player`.`drop_default` (`mob_vnum`,`item_vnum`,`count`,`prob`) VALUES(8014 , 28341, 1, 30);
INSERT INTO `player`.`drop_default` (`mob_vnum`,`item_vnum`,`count`,`prob`) VALUES(8014 , 28342, 1, 30);
INSERT INTO `player`.`drop_default` (`mob_vnum`,`item_vnum`,`count`,`prob`) VALUES(8014 , 28343, 1, 30);
INSERT INTO `player`.`drop_default` (`mob_vnum`,`item_vnum`,`count`,`prob`) VALUES(8014 , 136, 1, 110);
INSERT INTO `player`.`drop_default` (`mob_vnum`,`item_vnum`,`count`,`prob`) VALUES(8014 , 3126, 1, 110);
INSERT INTO `player`.`drop_default` (`mob_vnum`,`item_vnum`,`count`,`prob`) VALUES(8014 , 2126, 1, 110);
INSERT INTO `player`.`drop_default` (`mob_vnum`,`item_vnum`,`count`,`prob`) VALUES(8014 , 1096, 1, 110);
INSERT INTO `player`.`drop_default` (`mob_vnum`,`item_vnum`,`count`,`prob`) VALUES(8014 , 7126, 1, 110);
INSERT INTO `player`.`drop_default` (`mob_vnum`,`item_vnum`,`count`,`prob`) VALUES(8014 , 5086, 1, 110);
INSERT INTO `player`.`drop_default` (`mob_vnum`,`item_vnum`,`count`,`prob`) VALUES(8014 , 27987, 1, 30);
INSERT INTO `player`.`drop_default` (`mob_vnum`,`item_vnum`,`count`,`prob`) VALUES(8014 , 50011, 1, 600);
INSERT INTO `player`.`drop_default` (`mob_vnum`,`item_vnum`,`count`,`prob`) VALUES(8014 , 38053, 2, 4000);
INSERT INTO `player`.`drop_default` (`mob_vnum`,`item_vnum`,`count`,`prob`) VALUES(8014 , 38052, 2, 4000);
INSERT INTO `player`.`drop_default` (`mob_vnum`,`item_vnum`,`count`,`prob`) VALUES(8024 , 50513, 2, 640);
INSERT INTO `player`.`drop_default` (`mob_vnum`,`item_vnum`,`count`,`prob`) VALUES(8024 , 70102, 1, 640);
INSERT INTO `player`.`drop_default` (`mob_vnum`,`item_vnum`,`count`,`prob`) VALUES(8024 , 25040, 1, 640);
INSERT INTO `player`.`drop_default` (`mob_vnum`,`item_vnum`,`count`,`prob`) VALUES(8024 , 70014, 1, 10);
INSERT INTO `player`.`drop_default` (`mob_vnum`,`item_vnum`,`count`,`prob`) VALUES(8024 , 70037, 1, 10);
INSERT INTO `player`.`drop_default` (`mob_vnum`,`item_vnum`,`count`,`prob`) VALUES(8024 , 28330, 1, 30);
INSERT INTO `player`.`drop_default` (`mob_vnum`,`item_vnum`,`count`,`prob`) VALUES(8024 , 28331, 1, 30);
INSERT INTO `player`.`drop_default` (`mob_vnum`,`item_vnum`,`count`,`prob`) VALUES(8024 , 28332, 1, 30);
INSERT INTO `player`.`drop_default` (`mob_vnum`,`item_vnum`,`count`,`prob`) VALUES(8024 , 28333, 1, 30);
INSERT INTO `player`.`drop_default` (`mob_vnum`,`item_vnum`,`count`,`prob`) VALUES(8024 , 28334, 1, 30);
INSERT INTO `player`.`drop_default` (`mob_vnum`,`item_vnum`,`count`,`prob`) VALUES(8024 , 28335, 1, 30);
INSERT INTO `player`.`drop_default` (`mob_vnum`,`item_vnum`,`count`,`prob`) VALUES(8024 , 28336, 1, 30);
INSERT INTO `player`.`drop_default` (`mob_vnum`,`item_vnum`,`count`,`prob`) VALUES(8024 , 28337, 1, 30);
INSERT INTO `player`.`drop_default` (`mob_vnum`,`item_vnum`,`count`,`prob`) VALUES(8024 , 28338, 1, 30);
INSERT INTO `player`.`drop_default` (`mob_vnum`,`item_vnum`,`count`,`prob`) VALUES(8024 , 28339, 1, 30);
INSERT INTO `player`.`drop_default` (`mob_vnum`,`item_vnum`,`count`,`prob`) VALUES(8024 , 28340, 1, 30);
INSERT INTO `player`.`drop_default` (`mob_vnum`,`item_vnum`,`count`,`prob`) VALUES(8024 , 28341, 1, 30);
INSERT INTO `player`.`drop_default` (`mob_vnum`,`item_vnum`,`count`,`prob`) VALUES(8024 , 28342, 1, 30);
INSERT INTO `player`.`drop_default` (`mob_vnum`,`item_vnum`,`count`,`prob`) VALUES(8024 , 28343, 1, 30);
INSERT INTO `player`.`drop_default` (`mob_vnum`,`item_vnum`,`count`,`prob`) VALUES(8024 , 5106, 1, 100);
INSERT INTO `player`.`drop_default` (`mob_vnum`,`item_vnum`,`count`,`prob`) VALUES(8024 , 7146, 1, 100);
INSERT INTO `player`.`drop_default` (`mob_vnum`,`item_vnum`,`count`,`prob`) VALUES(8024 , 246, 1, 100);
INSERT INTO `player`.`drop_default` (`mob_vnum`,`item_vnum`,`count`,`prob`) VALUES(8024 , 166, 1, 100);
INSERT INTO `player`.`drop_default` (`mob_vnum`,`item_vnum`,`count`,`prob`) VALUES(8024 , 2136, 1, 100);
INSERT INTO `player`.`drop_default` (`mob_vnum`,`item_vnum`,`count`,`prob`) VALUES(8024 , 27987, 1, 30);
INSERT INTO `player`.`drop_default` (`mob_vnum`,`item_vnum`,`count`,`prob`) VALUES(8024 , 50011, 1, 600);
INSERT INTO `player`.`drop_default` (`mob_vnum`,`item_vnum`,`count`,`prob`) VALUES(8024 , 38053, 2, 4000);
INSERT INTO `player`.`drop_default` (`mob_vnum`,`item_vnum`,`count`,`prob`) VALUES(8024 , 38052, 2, 4000);
INSERT INTO `player`.`drop_default` (`mob_vnum`,`item_vnum`,`count`,`prob`) VALUES(8025 , 50513, 2, 650);
INSERT INTO `player`.`drop_default` (`mob_vnum`,`item_vnum`,`count`,`prob`) VALUES(8025 , 70102, 1, 650);
INSERT INTO `player`.`drop_default` (`mob_vnum`,`item_vnum`,`count`,`prob`) VALUES(8025 , 25040, 1, 650);
INSERT INTO `player`.`drop_default` (`mob_vnum`,`item_vnum`,`count`,`prob`) VALUES(8025 , 70014, 1, 10);
INSERT INTO `player`.`drop_default` (`mob_vnum`,`item_vnum`,`count`,`prob`) VALUES(8025 , 70037, 1, 10);
INSERT INTO `player`.`drop_default` (`mob_vnum`,`item_vnum`,`count`,`prob`) VALUES(8025 , 28330, 1, 30);
INSERT INTO `player`.`drop_default` (`mob_vnum`,`item_vnum`,`count`,`prob`) VALUES(8025 , 28331, 1, 30);
INSERT INTO `player`.`drop_default` (`mob_vnum`,`item_vnum`,`count`,`prob`) VALUES(8025 , 28332, 1, 30);
INSERT INTO `player`.`drop_default` (`mob_vnum`,`item_vnum`,`count`,`prob`) VALUES(8025 , 28333, 1, 30);
INSERT INTO `player`.`drop_default` (`mob_vnum`,`item_vnum`,`count`,`prob`) VALUES(8025 , 28334, 1, 30);
INSERT INTO `player`.`drop_default` (`mob_vnum`,`item_vnum`,`count`,`prob`) VALUES(8025 , 28335, 1, 30);
INSERT INTO `player`.`drop_default` (`mob_vnum`,`item_vnum`,`count`,`prob`) VALUES(8025 , 28336, 1, 30);
INSERT INTO `player`.`drop_default` (`mob_vnum`,`item_vnum`,`count`,`prob`) VALUES(8025 , 28337, 1, 30);
INSERT INTO `player`.`drop_default` (`mob_vnum`,`item_vnum`,`count`,`prob`) VALUES(8025 , 28338, 1, 30);
INSERT INTO `player`.`drop_default` (`mob_vnum`,`item_vnum`,`count`,`prob`) VALUES(8025 , 28339, 1, 30);
INSERT INTO `player`.`drop_default` (`mob_vnum`,`item_vnum`,`count`,`prob`) VALUES(8025 , 28340, 1, 30);
INSERT INTO `player`.`drop_default` (`mob_vnum`,`item_vnum`,`count`,`prob`) VALUES(8025 , 28341, 1, 30);
INSERT INTO `player`.`drop_default` (`mob_vnum`,`item_vnum`,`count`,`prob`) VALUES(8025 , 28342, 1, 30);
INSERT INTO `player`.`drop_default` (`mob_vnum`,`item_vnum`,`count`,`prob`) VALUES(8025 , 28343, 1, 30);
INSERT INTO `player`.`drop_default` (`mob_vnum`,`item_vnum`,`count`,`prob`) VALUES(8025 , 5106, 1, 110);
INSERT INTO `player`.`drop_default` (`mob_vnum`,`item_vnum`,`count`,`prob`) VALUES(8025 , 7146, 1, 110);
INSERT INTO `player`.`drop_default` (`mob_vnum`,`item_vnum`,`count`,`prob`) VALUES(8025 , 246, 1, 110);
INSERT INTO `player`.`drop_default` (`mob_vnum`,`item_vnum`,`count`,`prob`) VALUES(8025 , 166, 1, 110);
INSERT INTO `player`.`drop_default` (`mob_vnum`,`item_vnum`,`count`,`prob`) VALUES(8025 , 2136, 1, 110);
INSERT INTO `player`.`drop_default` (`mob_vnum`,`item_vnum`,`count`,`prob`) VALUES(8025 , 27987, 1, 30);
INSERT INTO `player`.`drop_default` (`mob_vnum`,`item_vnum`,`count`,`prob`) VALUES(8025 , 50011, 1, 600);
INSERT INTO `player`.`drop_default` (`mob_vnum`,`item_vnum`,`count`,`prob`) VALUES(8025 , 38053, 2, 4000);
INSERT INTO `player`.`drop_default` (`mob_vnum`,`item_vnum`,`count`,`prob`) VALUES(8025 , 38052, 2, 4000);
INSERT INTO `player`.`drop_default` (`mob_vnum`,`item_vnum`,`count`,`prob`) VALUES(8026 , 50513, 3, 660);
INSERT INTO `player`.`drop_default` (`mob_vnum`,`item_vnum`,`count`,`prob`) VALUES(8026 , 70102, 1, 660);
INSERT INTO `player`.`drop_default` (`mob_vnum`,`item_vnum`,`count`,`prob`) VALUES(8026 , 25040, 1, 660);
INSERT INTO `player`.`drop_default` (`mob_vnum`,`item_vnum`,`count`,`prob`) VALUES(8026 , 70014, 1, 10);
INSERT INTO `player`.`drop_default` (`mob_vnum`,`item_vnum`,`count`,`prob`) VALUES(8026 , 70037, 1, 10);
INSERT INTO `player`.`drop_default` (`mob_vnum`,`item_vnum`,`count`,`prob`) VALUES(8026 , 28330, 1, 30);
INSERT INTO `player`.`drop_default` (`mob_vnum`,`item_vnum`,`count`,`prob`) VALUES(8026 , 28331, 1, 30);
INSERT INTO `player`.`drop_default` (`mob_vnum`,`item_vnum`,`count`,`prob`) VALUES(8026 , 28332, 1, 30);
INSERT INTO `player`.`drop_default` (`mob_vnum`,`item_vnum`,`count`,`prob`) VALUES(8026 , 28333, 1, 30);
INSERT INTO `player`.`drop_default` (`mob_vnum`,`item_vnum`,`count`,`prob`) VALUES(8026 , 28334, 1, 30);
INSERT INTO `player`.`drop_default` (`mob_vnum`,`item_vnum`,`count`,`prob`) VALUES(8026 , 28335, 1, 30);
INSERT INTO `player`.`drop_default` (`mob_vnum`,`item_vnum`,`count`,`prob`) VALUES(8026 , 28336, 1, 30);
INSERT INTO `player`.`drop_default` (`mob_vnum`,`item_vnum`,`count`,`prob`) VALUES(8026 , 28337, 1, 30);
INSERT INTO `player`.`drop_default` (`mob_vnum`,`item_vnum`,`count`,`prob`) VALUES(8026 , 28338, 1, 30);
INSERT INTO `player`.`drop_default` (`mob_vnum`,`item_vnum`,`count`,`prob`) VALUES(8026 , 28339, 1, 30);
INSERT INTO `player`.`drop_default` (`mob_vnum`,`item_vnum`,`count`,`prob`) VALUES(8026 , 28340, 1, 30);
INSERT INTO `player`.`drop_default` (`mob_vnum`,`item_vnum`,`count`,`prob`) VALUES(8026 , 28341, 1, 30);
INSERT INTO `player`.`drop_default` (`mob_vnum`,`item_vnum`,`count`,`prob`) VALUES(8026 , 28342, 1, 30);
INSERT INTO `player`.`drop_default` (`mob_vnum`,`item_vnum`,`count`,`prob`) VALUES(8026 , 28343, 1, 30);
INSERT INTO `player`.`drop_default` (`mob_vnum`,`item_vnum`,`count`,`prob`) VALUES(8026 , 5106, 1, 110);
INSERT INTO `player`.`drop_default` (`mob_vnum`,`item_vnum`,`count`,`prob`) VALUES(8026 , 7146, 1, 110);
INSERT INTO `player`.`drop_default` (`mob_vnum`,`item_vnum`,`count`,`prob`) VALUES(8026 , 246, 1, 110);
INSERT INTO `player`.`drop_default` (`mob_vnum`,`item_vnum`,`count`,`prob`) VALUES(8026 , 166, 1, 110);
INSERT INTO `player`.`drop_default` (`mob_vnum`,`item_vnum`,`count`,`prob`) VALUES(8026 , 2136, 1, 110);
INSERT INTO `player`.`drop_default` (`mob_vnum`,`item_vnum`,`count`,`prob`) VALUES(8026 , 1116, 1, 100);
INSERT INTO `player`.`drop_default` (`mob_vnum`,`item_vnum`,`count`,`prob`) VALUES(8026 , 3146, 1, 100);
INSERT INTO `player`.`drop_default` (`mob_vnum`,`item_vnum`,`count`,`prob`) VALUES(8026 , 11286, 1, 100);
INSERT INTO `player`.`drop_default` (`mob_vnum`,`item_vnum`,`count`,`prob`) VALUES(8026 , 11486, 1, 100);
INSERT INTO `player`.`drop_default` (`mob_vnum`,`item_vnum`,`count`,`prob`) VALUES(8026 , 11686, 1, 100);
INSERT INTO `player`.`drop_default` (`mob_vnum`,`item_vnum`,`count`,`prob`) VALUES(8026 , 11886, 1, 100);
INSERT INTO `player`.`drop_default` (`mob_vnum`,`item_vnum`,`count`,`prob`) VALUES(8026 , 70005, 1, 100);
INSERT INTO `player`.`drop_default` (`mob_vnum`,`item_vnum`,`count`,`prob`) VALUES(8026 , 72006, 1, 100);
INSERT INTO `player`.`drop_default` (`mob_vnum`,`item_vnum`,`count`,`prob`) VALUES(8026 , 70038, 20, 100);
INSERT INTO `player`.`drop_default` (`mob_vnum`,`item_vnum`,`count`,`prob`) VALUES(8026 , 27987, 1, 30);
INSERT INTO `player`.`drop_default` (`mob_vnum`,`item_vnum`,`count`,`prob`) VALUES(8026 , 50011, 1, 600);
INSERT INTO `player`.`drop_default` (`mob_vnum`,`item_vnum`,`count`,`prob`) VALUES(8026 , 38053, 3, 4000);
INSERT INTO `player`.`drop_default` (`mob_vnum`,`item_vnum`,`count`,`prob`) VALUES(8026 , 38052, 3, 4000);
INSERT INTO `player`.`drop_default` (`mob_vnum`,`item_vnum`,`count`,`prob`) VALUES(8026 , 30195, 1, 50);
INSERT INTO `player`.`drop_default` (`mob_vnum`,`item_vnum`,`count`,`prob`) VALUES(8026 , 30196, 1, 50);
INSERT INTO `player`.`drop_default` (`mob_vnum`,`item_vnum`,`count`,`prob`) VALUES(8026 , 30197, 1, 50);
INSERT INTO `player`.`drop_default` (`mob_vnum`,`item_vnum`,`count`,`prob`) VALUES(8026 , 30198, 1, 50);
INSERT INTO `player`.`drop_default` (`mob_vnum`,`item_vnum`,`count`,`prob`) VALUES(8026 , 30199, 1, 50);
INSERT INTO `player`.`drop_default` (`mob_vnum`,`item_vnum`,`count`,`prob`) VALUES(8027 , 50513, 3, 670);
INSERT INTO `player`.`drop_default` (`mob_vnum`,`item_vnum`,`count`,`prob`) VALUES(8027 , 70102, 1, 670);
INSERT INTO `player`.`drop_default` (`mob_vnum`,`item_vnum`,`count`,`prob`) VALUES(8027 , 25040, 1, 670);
INSERT INTO `player`.`drop_default` (`mob_vnum`,`item_vnum`,`count`,`prob`) VALUES(8027 , 70014, 1, 10);
INSERT INTO `player`.`drop_default` (`mob_vnum`,`item_vnum`,`count`,`prob`) VALUES(8027 , 70037, 1, 10);
INSERT INTO `player`.`drop_default` (`mob_vnum`,`item_vnum`,`count`,`prob`) VALUES(8027 , 28330, 1, 30);
INSERT INTO `player`.`drop_default` (`mob_vnum`,`item_vnum`,`count`,`prob`) VALUES(8027 , 28331, 1, 30);
INSERT INTO `player`.`drop_default` (`mob_vnum`,`item_vnum`,`count`,`prob`) VALUES(8027 , 28332, 1, 30);
INSERT INTO `player`.`drop_default` (`mob_vnum`,`item_vnum`,`count`,`prob`) VALUES(8027 , 28333, 1, 30);
INSERT INTO `player`.`drop_default` (`mob_vnum`,`item_vnum`,`count`,`prob`) VALUES(8027 , 28334, 1, 30);
INSERT INTO `player`.`drop_default` (`mob_vnum`,`item_vnum`,`count`,`prob`) VALUES(8027 , 28335, 1, 30);
INSERT INTO `player`.`drop_default` (`mob_vnum`,`item_vnum`,`count`,`prob`) VALUES(8027 , 28336, 1, 30);
INSERT INTO `player`.`drop_default` (`mob_vnum`,`item_vnum`,`count`,`prob`) VALUES(8027 , 28337, 1, 30);
INSERT INTO `player`.`drop_default` (`mob_vnum`,`item_vnum`,`count`,`prob`) VALUES(8027 , 28338, 1, 30);
INSERT INTO `player`.`drop_default` (`mob_vnum`,`item_vnum`,`count`,`prob`) VALUES(8027 , 28339, 1, 30);
INSERT INTO `player`.`drop_default` (`mob_vnum`,`item_vnum`,`count`,`prob`) VALUES(8027 , 28340, 1, 30);
INSERT INTO `player`.`drop_default` (`mob_vnum`,`item_vnum`,`count`,`prob`) VALUES(8027 , 28341, 1, 30);
INSERT INTO `player`.`drop_default` (`mob_vnum`,`item_vnum`,`count`,`prob`) VALUES(8027 , 28342, 1, 30);
INSERT INTO `player`.`drop_default` (`mob_vnum`,`item_vnum`,`count`,`prob`) VALUES(8027 , 28343, 1, 30);
INSERT INTO `player`.`drop_default` (`mob_vnum`,`item_vnum`,`count`,`prob`) VALUES(8027 , 5106, 1, 120);
INSERT INTO `player`.`drop_default` (`mob_vnum`,`item_vnum`,`count`,`prob`) VALUES(8027 , 7146, 1, 120);
INSERT INTO `player`.`drop_default` (`mob_vnum`,`item_vnum`,`count`,`prob`) VALUES(8027 , 246, 1, 120);
INSERT INTO `player`.`drop_default` (`mob_vnum`,`item_vnum`,`count`,`prob`) VALUES(8027 , 166, 1, 120);
INSERT INTO `player`.`drop_default` (`mob_vnum`,`item_vnum`,`count`,`prob`) VALUES(8027 , 2136, 1, 120);
INSERT INTO `player`.`drop_default` (`mob_vnum`,`item_vnum`,`count`,`prob`) VALUES(8027 , 1116, 1, 110);
INSERT INTO `player`.`drop_default` (`mob_vnum`,`item_vnum`,`count`,`prob`) VALUES(8027 , 3146, 1, 110);
INSERT INTO `player`.`drop_default` (`mob_vnum`,`item_vnum`,`count`,`prob`) VALUES(8027 , 11286, 1, 110);
INSERT INTO `player`.`drop_default` (`mob_vnum`,`item_vnum`,`count`,`prob`) VALUES(8027 , 11486, 1, 110);
INSERT INTO `player`.`drop_default` (`mob_vnum`,`item_vnum`,`count`,`prob`) VALUES(8027 , 11686, 1, 110);
INSERT INTO `player`.`drop_default` (`mob_vnum`,`item_vnum`,`count`,`prob`) VALUES(8027 , 11886, 1, 110);
INSERT INTO `player`.`drop_default` (`mob_vnum`,`item_vnum`,`count`,`prob`) VALUES(8027 , 72006, 1, 110);
INSERT INTO `player`.`drop_default` (`mob_vnum`,`item_vnum`,`count`,`prob`) VALUES(8027 , 70005, 1, 110);
INSERT INTO `player`.`drop_default` (`mob_vnum`,`item_vnum`,`count`,`prob`) VALUES(8027 , 70038, 20, 110);
INSERT INTO `player`.`drop_default` (`mob_vnum`,`item_vnum`,`count`,`prob`) VALUES(8027 , 146, 1, 100);
INSERT INTO `player`.`drop_default` (`mob_vnum`,`item_vnum`,`count`,`prob`) VALUES(8027 , 156, 1, 100);
INSERT INTO `player`.`drop_default` (`mob_vnum`,`item_vnum`,`count`,`prob`) VALUES(8027 , 2146, 1, 100);
INSERT INTO `player`.`drop_default` (`mob_vnum`,`item_vnum`,`count`,`prob`) VALUES(8027 , 1106, 1, 100);
INSERT INTO `player`.`drop_default` (`mob_vnum`,`item_vnum`,`count`,`prob`) VALUES(8027 , 7136, 1, 100);
INSERT INTO `player`.`drop_default` (`mob_vnum`,`item_vnum`,`count`,`prob`) VALUES(8027 , 5096, 1, 100);
INSERT INTO `player`.`drop_default` (`mob_vnum`,`item_vnum`,`count`,`prob`) VALUES(8027 , 3136, 1, 100);
INSERT INTO `player`.`drop_default` (`mob_vnum`,`item_vnum`,`count`,`prob`) VALUES(8027 , 11296, 1, 100);
INSERT INTO `player`.`drop_default` (`mob_vnum`,`item_vnum`,`count`,`prob`) VALUES(8027 , 11496, 1, 100);
INSERT INTO `player`.`drop_default` (`mob_vnum`,`item_vnum`,`count`,`prob`) VALUES(8027 , 11696, 1, 100);
INSERT INTO `player`.`drop_default` (`mob_vnum`,`item_vnum`,`count`,`prob`) VALUES(8027 , 11896, 1, 100);
INSERT INTO `player`.`drop_default` (`mob_vnum`,`item_vnum`,`count`,`prob`) VALUES(8027 , 27987, 1, 30);
INSERT INTO `player`.`drop_default` (`mob_vnum`,`item_vnum`,`count`,`prob`) VALUES(8027 , 50011, 1, 600);
INSERT INTO `player`.`drop_default` (`mob_vnum`,`item_vnum`,`count`,`prob`) VALUES(8027 , 38053, 3, 4000);
INSERT INTO `player`.`drop_default` (`mob_vnum`,`item_vnum`,`count`,`prob`) VALUES(8027 , 38052, 3, 4000);
INSERT INTO `player`.`drop_default` (`mob_vnum`,`item_vnum`,`count`,`prob`) VALUES(8027 , 30195, 1, 50);
INSERT INTO `player`.`drop_default` (`mob_vnum`,`item_vnum`,`count`,`prob`) VALUES(8027 , 30196, 1, 50);
INSERT INTO `player`.`drop_default` (`mob_vnum`,`item_vnum`,`count`,`prob`) VALUES(8027 , 30197, 1, 50);
INSERT INTO `player`.`drop_default` (`mob_vnum`,`item_vnum`,`count`,`prob`) VALUES(8027 , 30198, 1, 50);
INSERT INTO `player`.`drop_default` (`mob_vnum`,`item_vnum`,`count`,`prob`) VALUES(8027 , 30199, 1, 50);
INSERT INTO `player`.`drop_default` (`mob_vnum`,`item_vnum`,`count`,`prob`) VALUES(8051 , 50513, 3, 670);
INSERT INTO `player`.`drop_default` (`mob_vnum`,`item_vnum`,`count`,`prob`) VALUES(8051 , 70102, 1, 670);
INSERT INTO `player`.`drop_default` (`mob_vnum`,`item_vnum`,`count`,`prob`) VALUES(8051 , 25040, 1, 670);
INSERT INTO `player`.`drop_default` (`mob_vnum`,`item_vnum`,`count`,`prob`) VALUES(8051 , 70014, 1, 10);
INSERT INTO `player`.`drop_default` (`mob_vnum`,`item_vnum`,`count`,`prob`) VALUES(8051 , 70037, 1, 10);
INSERT INTO `player`.`drop_default` (`mob_vnum`,`item_vnum`,`count`,`prob`) VALUES(8051 , 28430, 1, 30);
INSERT INTO `player`.`drop_default` (`mob_vnum`,`item_vnum`,`count`,`prob`) VALUES(8051 , 28431, 1, 30);
INSERT INTO `player`.`drop_default` (`mob_vnum`,`item_vnum`,`count`,`prob`) VALUES(8051 , 28432, 1, 30);
INSERT INTO `player`.`drop_default` (`mob_vnum`,`item_vnum`,`count`,`prob`) VALUES(8051 , 28433, 1, 30);
INSERT INTO `player`.`drop_default` (`mob_vnum`,`item_vnum`,`count`,`prob`) VALUES(8051 , 28434, 1, 30);
INSERT INTO `player`.`drop_default` (`mob_vnum`,`item_vnum`,`count`,`prob`) VALUES(8051 , 28435, 1, 30);
INSERT INTO `player`.`drop_default` (`mob_vnum`,`item_vnum`,`count`,`prob`) VALUES(8051 , 28436, 1, 30);
INSERT INTO `player`.`drop_default` (`mob_vnum`,`item_vnum`,`count`,`prob`) VALUES(8051 , 28437, 1, 30);
INSERT INTO `player`.`drop_default` (`mob_vnum`,`item_vnum`,`count`,`prob`) VALUES(8051 , 28438, 1, 30);
INSERT INTO `player`.`drop_default` (`mob_vnum`,`item_vnum`,`count`,`prob`) VALUES(8051 , 28439, 1, 30);
INSERT INTO `player`.`drop_default` (`mob_vnum`,`item_vnum`,`count`,`prob`) VALUES(8051 , 28440, 1, 30);
INSERT INTO `player`.`drop_default` (`mob_vnum`,`item_vnum`,`count`,`prob`) VALUES(8051 , 28441, 1, 30);
INSERT INTO `player`.`drop_default` (`mob_vnum`,`item_vnum`,`count`,`prob`) VALUES(8051 , 28442, 1, 30);
INSERT INTO `player`.`drop_default` (`mob_vnum`,`item_vnum`,`count`,`prob`) VALUES(8051 , 28443, 1, 30);
INSERT INTO `player`.`drop_default` (`mob_vnum`,`item_vnum`,`count`,`prob`) VALUES(8051 , 5106, 1, 120);
INSERT INTO `player`.`drop_default` (`mob_vnum`,`item_vnum`,`count`,`prob`) VALUES(8051 , 7146, 1, 120);
INSERT INTO `player`.`drop_default` (`mob_vnum`,`item_vnum`,`count`,`prob`) VALUES(8051 , 246, 1, 120);
INSERT INTO `player`.`drop_default` (`mob_vnum`,`item_vnum`,`count`,`prob`) VALUES(8051 , 166, 1, 120);
INSERT INTO `player`.`drop_default` (`mob_vnum`,`item_vnum`,`count`,`prob`) VALUES(8051 , 2136, 1, 120);
INSERT INTO `player`.`drop_default` (`mob_vnum`,`item_vnum`,`count`,`prob`) VALUES(8051 , 1116, 1, 110);
INSERT INTO `player`.`drop_default` (`mob_vnum`,`item_vnum`,`count`,`prob`) VALUES(8051 , 3146, 1, 110);
INSERT INTO `player`.`drop_default` (`mob_vnum`,`item_vnum`,`count`,`prob`) VALUES(8051 , 11286, 1, 110);
INSERT INTO `player`.`drop_default` (`mob_vnum`,`item_vnum`,`count`,`prob`) VALUES(8051 , 11486, 1, 110);
INSERT INTO `player`.`drop_default` (`mob_vnum`,`item_vnum`,`count`,`prob`) VALUES(8051 , 11686, 1, 110);
INSERT INTO `player`.`drop_default` (`mob_vnum`,`item_vnum`,`count`,`prob`) VALUES(8051 , 11886, 1, 110);
INSERT INTO `player`.`drop_default` (`mob_vnum`,`item_vnum`,`count`,`prob`) VALUES(8051 , 72006, 1, 110);
INSERT INTO `player`.`drop_default` (`mob_vnum`,`item_vnum`,`count`,`prob`) VALUES(8051 , 70005, 1, 110);
INSERT INTO `player`.`drop_default` (`mob_vnum`,`item_vnum`,`count`,`prob`) VALUES(8051 , 70038, 20, 110);
INSERT INTO `player`.`drop_default` (`mob_vnum`,`item_vnum`,`count`,`prob`) VALUES(8051 , 146, 1, 100);
INSERT INTO `player`.`drop_default` (`mob_vnum`,`item_vnum`,`count`,`prob`) VALUES(8051 , 156, 1, 100);
INSERT INTO `player`.`drop_default` (`mob_vnum`,`item_vnum`,`count`,`prob`) VALUES(8051 , 2146, 1, 100);
INSERT INTO `player`.`drop_default` (`mob_vnum`,`item_vnum`,`count`,`prob`) VALUES(8051 , 1106, 1, 100);
INSERT INTO `player`.`drop_default` (`mob_vnum`,`item_vnum`,`count`,`prob`) VALUES(8051 , 7136, 1, 100);
INSERT INTO `player`.`drop_default` (`mob_vnum`,`item_vnum`,`count`,`prob`) VALUES(8051 , 5096, 1, 100);
INSERT INTO `player`.`drop_default` (`mob_vnum`,`item_vnum`,`count`,`prob`) VALUES(8051 , 3136, 1, 100);
INSERT INTO `player`.`drop_default` (`mob_vnum`,`item_vnum`,`count`,`prob`) VALUES(8051 , 11296, 1, 100);
INSERT INTO `player`.`drop_default` (`mob_vnum`,`item_vnum`,`count`,`prob`) VALUES(8051 , 11496, 1, 100);
INSERT INTO `player`.`drop_default` (`mob_vnum`,`item_vnum`,`count`,`prob`) VALUES(8051 , 11696, 1, 100);
INSERT INTO `player`.`drop_default` (`mob_vnum`,`item_vnum`,`count`,`prob`) VALUES(8051 , 11896, 1, 100);
INSERT INTO `player`.`drop_default` (`mob_vnum`,`item_vnum`,`count`,`prob`) VALUES(8051 , 27987, 1, 30);
INSERT INTO `player`.`drop_default` (`mob_vnum`,`item_vnum`,`count`,`prob`) VALUES(8051 , 50011, 1, 600);
INSERT INTO `player`.`drop_default` (`mob_vnum`,`item_vnum`,`count`,`prob`) VALUES(8051 , 38053, 3, 4000);
INSERT INTO `player`.`drop_default` (`mob_vnum`,`item_vnum`,`count`,`prob`) VALUES(8051 , 38052, 3, 4000);
INSERT INTO `player`.`drop_default` (`mob_vnum`,`item_vnum`,`count`,`prob`) VALUES(8051 , 30195, 1, 50);
INSERT INTO `player`.`drop_default` (`mob_vnum`,`item_vnum`,`count`,`prob`) VALUES(8051 , 30196, 1, 50);
INSERT INTO `player`.`drop_default` (`mob_vnum`,`item_vnum`,`count`,`prob`) VALUES(8051 , 30197, 1, 50);
INSERT INTO `player`.`drop_default` (`mob_vnum`,`item_vnum`,`count`,`prob`) VALUES(8051 , 30198, 1, 50);
INSERT INTO `player`.`drop_default` (`mob_vnum`,`item_vnum`,`count`,`prob`) VALUES(8051 , 30199, 1, 50);
INSERT INTO `player`.`drop_default` (`mob_vnum`,`item_vnum`,`count`,`prob`) VALUES(8052 , 50513, 3, 670);
INSERT INTO `player`.`drop_default` (`mob_vnum`,`item_vnum`,`count`,`prob`) VALUES(8052 , 70102, 1, 670);
INSERT INTO `player`.`drop_default` (`mob_vnum`,`item_vnum`,`count`,`prob`) VALUES(8052 , 25040, 1, 670);
INSERT INTO `player`.`drop_default` (`mob_vnum`,`item_vnum`,`count`,`prob`) VALUES(8052 , 70014, 1, 10);
INSERT INTO `player`.`drop_default` (`mob_vnum`,`item_vnum`,`count`,`prob`) VALUES(8052 , 70037, 1, 10);
INSERT INTO `player`.`drop_default` (`mob_vnum`,`item_vnum`,`count`,`prob`) VALUES(8052 , 28430, 1, 30);
INSERT INTO `player`.`drop_default` (`mob_vnum`,`item_vnum`,`count`,`prob`) VALUES(8052 , 28431, 1, 30);
INSERT INTO `player`.`drop_default` (`mob_vnum`,`item_vnum`,`count`,`prob`) VALUES(8052 , 28432, 1, 30);
INSERT INTO `player`.`drop_default` (`mob_vnum`,`item_vnum`,`count`,`prob`) VALUES(8052 , 28433, 1, 30);
INSERT INTO `player`.`drop_default` (`mob_vnum`,`item_vnum`,`count`,`prob`) VALUES(8052 , 28434, 1, 30);
INSERT INTO `player`.`drop_default` (`mob_vnum`,`item_vnum`,`count`,`prob`) VALUES(8052 , 28435, 1, 30);
INSERT INTO `player`.`drop_default` (`mob_vnum`,`item_vnum`,`count`,`prob`) VALUES(8052 , 28436, 1, 30);
INSERT INTO `player`.`drop_default` (`mob_vnum`,`item_vnum`,`count`,`prob`) VALUES(8052 , 28437, 1, 30);
INSERT INTO `player`.`drop_default` (`mob_vnum`,`item_vnum`,`count`,`prob`) VALUES(8052 , 28438, 1, 30);
INSERT INTO `player`.`drop_default` (`mob_vnum`,`item_vnum`,`count`,`prob`) VALUES(8052 , 28439, 1, 30);
INSERT INTO `player`.`drop_default` (`mob_vnum`,`item_vnum`,`count`,`prob`) VALUES(8052 , 28440, 1, 30);
INSERT INTO `player`.`drop_default` (`mob_vnum`,`item_vnum`,`count`,`prob`) VALUES(8052 , 28441, 1, 30);
INSERT INTO `player`.`drop_default` (`mob_vnum`,`item_vnum`,`count`,`prob`) VALUES(8052 , 28442, 1, 30);
INSERT INTO `player`.`drop_default` (`mob_vnum`,`item_vnum`,`count`,`prob`) VALUES(8052 , 28443, 1, 30);
INSERT INTO `player`.`drop_default` (`mob_vnum`,`item_vnum`,`count`,`prob`) VALUES(8052 , 5106, 1, 120);
INSERT INTO `player`.`drop_default` (`mob_vnum`,`item_vnum`,`count`,`prob`) VALUES(8052 , 7146, 1, 120);
INSERT INTO `player`.`drop_default` (`mob_vnum`,`item_vnum`,`count`,`prob`) VALUES(8052 , 246, 1, 120);
INSERT INTO `player`.`drop_default` (`mob_vnum`,`item_vnum`,`count`,`prob`) VALUES(8052 , 166, 1, 120);
INSERT INTO `player`.`drop_default` (`mob_vnum`,`item_vnum`,`count`,`prob`) VALUES(8052 , 2136, 1, 120);
INSERT INTO `player`.`drop_default` (`mob_vnum`,`item_vnum`,`count`,`prob`) VALUES(8052 , 1116, 1, 110);
INSERT INTO `player`.`drop_default` (`mob_vnum`,`item_vnum`,`count`,`prob`) VALUES(8052 , 3146, 1, 110);
INSERT INTO `player`.`drop_default` (`mob_vnum`,`item_vnum`,`count`,`prob`) VALUES(8052 , 11286, 1, 110);
INSERT INTO `player`.`drop_default` (`mob_vnum`,`item_vnum`,`count`,`prob`) VALUES(8052 , 11486, 1, 110);
INSERT INTO `player`.`drop_default` (`mob_vnum`,`item_vnum`,`count`,`prob`) VALUES(8052 , 11686, 1, 110);
INSERT INTO `player`.`drop_default` (`mob_vnum`,`item_vnum`,`count`,`prob`) VALUES(8052 , 11886, 1, 110);
INSERT INTO `player`.`drop_default` (`mob_vnum`,`item_vnum`,`count`,`prob`) VALUES(8052 , 72006, 1, 110);
INSERT INTO `player`.`drop_default` (`mob_vnum`,`item_vnum`,`count`,`prob`) VALUES(8052 , 70005, 1, 110);
INSERT INTO `player`.`drop_default` (`mob_vnum`,`item_vnum`,`count`,`prob`) VALUES(8052 , 70038, 20, 110);
INSERT INTO `player`.`drop_default` (`mob_vnum`,`item_vnum`,`count`,`prob`) VALUES(8052 , 146, 1, 100);
INSERT INTO `player`.`drop_default` (`mob_vnum`,`item_vnum`,`count`,`prob`) VALUES(8052 , 156, 1, 100);
INSERT INTO `player`.`drop_default` (`mob_vnum`,`item_vnum`,`count`,`prob`) VALUES(8052 , 2146, 1, 100);
INSERT INTO `player`.`drop_default` (`mob_vnum`,`item_vnum`,`count`,`prob`) VALUES(8052 , 1106, 1, 100);
INSERT INTO `player`.`drop_default` (`mob_vnum`,`item_vnum`,`count`,`prob`) VALUES(8052 , 7136, 1, 100);
INSERT INTO `player`.`drop_default` (`mob_vnum`,`item_vnum`,`count`,`prob`) VALUES(8052 , 5096, 1, 100);
INSERT INTO `player`.`drop_default` (`mob_vnum`,`item_vnum`,`count`,`prob`) VALUES(8052 , 3136, 1, 100);
INSERT INTO `player`.`drop_default` (`mob_vnum`,`item_vnum`,`count`,`prob`) VALUES(8052 , 11296, 1, 100);
INSERT INTO `player`.`drop_default` (`mob_vnum`,`item_vnum`,`count`,`prob`) VALUES(8052 , 11496, 1, 100);
INSERT INTO `player`.`drop_default` (`mob_vnum`,`item_vnum`,`count`,`prob`) VALUES(8052 , 11696, 1, 100);
INSERT INTO `player`.`drop_default` (`mob_vnum`,`item_vnum`,`count`,`prob`) VALUES(8052 , 11896, 1, 100);
INSERT INTO `player`.`drop_default` (`mob_vnum`,`item_vnum`,`count`,`prob`) VALUES(8052 , 27987, 1, 30);
INSERT INTO `player`.`drop_default` (`mob_vnum`,`item_vnum`,`count`,`prob`) VALUES(8052 , 50011, 1, 600);
INSERT INTO `player`.`drop_default` (`mob_vnum`,`item_vnum`,`count`,`prob`) VALUES(8052 , 38053, 3, 4000);
INSERT INTO `player`.`drop_default` (`mob_vnum`,`item_vnum`,`count`,`prob`) VALUES(8052 , 38052, 3, 4000);
INSERT INTO `player`.`drop_default` (`mob_vnum`,`item_vnum`,`count`,`prob`) VALUES(8052 , 30195, 1, 50);
INSERT INTO `player`.`drop_default` (`mob_vnum`,`item_vnum`,`count`,`prob`) VALUES(8052 , 30196, 1, 50);
INSERT INTO `player`.`drop_default` (`mob_vnum`,`item_vnum`,`count`,`prob`) VALUES(8052 , 30197, 1, 50);
INSERT INTO `player`.`drop_default` (`mob_vnum`,`item_vnum`,`count`,`prob`) VALUES(8052 , 30198, 1, 50);
INSERT INTO `player`.`drop_default` (`mob_vnum`,`item_vnum`,`count`,`prob`) VALUES(8052 , 30199, 1, 50);
INSERT INTO `player`.`drop_default` (`mob_vnum`,`item_vnum`,`count`,`prob`) VALUES(8053 , 50513, 3, 670);
INSERT INTO `player`.`drop_default` (`mob_vnum`,`item_vnum`,`count`,`prob`) VALUES(8053 , 70102, 1, 670);
INSERT INTO `player`.`drop_default` (`mob_vnum`,`item_vnum`,`count`,`prob`) VALUES(8053 , 25040, 1, 670);
INSERT INTO `player`.`drop_default` (`mob_vnum`,`item_vnum`,`count`,`prob`) VALUES(8053 , 70014, 1, 10);
INSERT INTO `player`.`drop_default` (`mob_vnum`,`item_vnum`,`count`,`prob`) VALUES(8053 , 70037, 1, 10);
INSERT INTO `player`.`drop_default` (`mob_vnum`,`item_vnum`,`count`,`prob`) VALUES(8053 , 28430, 1, 30);
INSERT INTO `player`.`drop_default` (`mob_vnum`,`item_vnum`,`count`,`prob`) VALUES(8053 , 28431, 1, 30);
INSERT INTO `player`.`drop_default` (`mob_vnum`,`item_vnum`,`count`,`prob`) VALUES(8053 , 28432, 1, 30);
INSERT INTO `player`.`drop_default` (`mob_vnum`,`item_vnum`,`count`,`prob`) VALUES(8053 , 28433, 1, 30);
INSERT INTO `player`.`drop_default` (`mob_vnum`,`item_vnum`,`count`,`prob`) VALUES(8053 , 28434, 1, 30);
INSERT INTO `player`.`drop_default` (`mob_vnum`,`item_vnum`,`count`,`prob`) VALUES(8053 , 28435, 1, 30);
INSERT INTO `player`.`drop_default` (`mob_vnum`,`item_vnum`,`count`,`prob`) VALUES(8053 , 28436, 1, 30);
INSERT INTO `player`.`drop_default` (`mob_vnum`,`item_vnum`,`count`,`prob`) VALUES(8053 , 28437, 1, 30);
INSERT INTO `player`.`drop_default` (`mob_vnum`,`item_vnum`,`count`,`prob`) VALUES(8053 , 28438, 1, 30);
INSERT INTO `player`.`drop_default` (`mob_vnum`,`item_vnum`,`count`,`prob`) VALUES(8053 , 28439, 1, 30);
INSERT INTO `player`.`drop_default` (`mob_vnum`,`item_vnum`,`count`,`prob`) VALUES(8053 , 28440, 1, 30);
INSERT INTO `player`.`drop_default` (`mob_vnum`,`item_vnum`,`count`,`prob`) VALUES(8053 , 28441, 1, 30);
INSERT INTO `player`.`drop_default` (`mob_vnum`,`item_vnum`,`count`,`prob`) VALUES(8053 , 28442, 1, 30);
INSERT INTO `player`.`drop_default` (`mob_vnum`,`item_vnum`,`count`,`prob`) VALUES(8053 , 28443, 1, 30);
INSERT INTO `player`.`drop_default` (`mob_vnum`,`item_vnum`,`count`,`prob`) VALUES(8053 , 5106, 1, 120);
INSERT INTO `player`.`drop_default` (`mob_vnum`,`item_vnum`,`count`,`prob`) VALUES(8053 , 7146, 1, 120);
INSERT INTO `player`.`drop_default` (`mob_vnum`,`item_vnum`,`count`,`prob`) VALUES(8053 , 246, 1, 120);
INSERT INTO `player`.`drop_default` (`mob_vnum`,`item_vnum`,`count`,`prob`) VALUES(8053 , 166, 1, 120);
INSERT INTO `player`.`drop_default` (`mob_vnum`,`item_vnum`,`count`,`prob`) VALUES(8053 , 2136, 1, 120);
INSERT INTO `player`.`drop_default` (`mob_vnum`,`item_vnum`,`count`,`prob`) VALUES(8053 , 1116, 1, 110);
INSERT INTO `player`.`drop_default` (`mob_vnum`,`item_vnum`,`count`,`prob`) VALUES(8053 , 3146, 1, 110);
INSERT INTO `player`.`drop_default` (`mob_vnum`,`item_vnum`,`count`,`prob`) VALUES(8053 , 11286, 1, 110);
INSERT INTO `player`.`drop_default` (`mob_vnum`,`item_vnum`,`count`,`prob`) VALUES(8053 , 11486, 1, 110);
INSERT INTO `player`.`drop_default` (`mob_vnum`,`item_vnum`,`count`,`prob`) VALUES(8053 , 11686, 1, 110);
INSERT INTO `player`.`drop_default` (`mob_vnum`,`item_vnum`,`count`,`prob`) VALUES(8053 , 11886, 1, 110);
INSERT INTO `player`.`drop_default` (`mob_vnum`,`item_vnum`,`count`,`prob`) VALUES(8053 , 72006, 1, 110);
INSERT INTO `player`.`drop_default` (`mob_vnum`,`item_vnum`,`count`,`prob`) VALUES(8053 , 70005, 1, 110);
INSERT INTO `player`.`drop_default` (`mob_vnum`,`item_vnum`,`count`,`prob`) VALUES(8053 , 70038, 20, 110);
INSERT INTO `player`.`drop_default` (`mob_vnum`,`item_vnum`,`count`,`prob`) VALUES(8053 , 146, 1, 100);
INSERT INTO `player`.`drop_default` (`mob_vnum`,`item_vnum`,`count`,`prob`) VALUES(8053 , 156, 1, 100);
INSERT INTO `player`.`drop_default` (`mob_vnum`,`item_vnum`,`count`,`prob`) VALUES(8053 , 2146, 1, 100);
INSERT INTO `player`.`drop_default` (`mob_vnum`,`item_vnum`,`count`,`prob`) VALUES(8053 , 1106, 1, 100);
INSERT INTO `player`.`drop_default` (`mob_vnum`,`item_vnum`,`count`,`prob`) VALUES(8053 , 7136, 1, 100);
INSERT INTO `player`.`drop_default` (`mob_vnum`,`item_vnum`,`count`,`prob`) VALUES(8053 , 5096, 1, 100);
INSERT INTO `player`.`drop_default` (`mob_vnum`,`item_vnum`,`count`,`prob`) VALUES(8053 , 3136, 1, 100);
INSERT INTO `player`.`drop_default` (`mob_vnum`,`item_vnum`,`count`,`prob`) VALUES(8053 , 11296, 1, 100);
INSERT INTO `player`.`drop_default` (`mob_vnum`,`item_vnum`,`count`,`prob`) VALUES(8053 , 11496, 1, 100);
INSERT INTO `player`.`drop_default` (`mob_vnum`,`item_vnum`,`count`,`prob`) VALUES(8053 , 11696, 1, 100);
INSERT INTO `player`.`drop_default` (`mob_vnum`,`item_vnum`,`count`,`prob`) VALUES(8053 , 11896, 1, 100);
INSERT INTO `player`.`drop_default` (`mob_vnum`,`item_vnum`,`count`,`prob`) VALUES(8053 , 27987, 1, 30);
INSERT INTO `player`.`drop_default` (`mob_vnum`,`item_vnum`,`count`,`prob`) VALUES(8053 , 50011, 1, 600);
INSERT INTO `player`.`drop_default` (`mob_vnum`,`item_vnum`,`count`,`prob`) VALUES(8053 , 38053, 3, 4000);
INSERT INTO `player`.`drop_default` (`mob_vnum`,`item_vnum`,`count`,`prob`) VALUES(8053 , 38052, 3, 4000);
INSERT INTO `player`.`drop_default` (`mob_vnum`,`item_vnum`,`count`,`prob`) VALUES(8053 , 30195, 1, 50);
INSERT INTO `player`.`drop_default` (`mob_vnum`,`item_vnum`,`count`,`prob`) VALUES(8053 , 30196, 1, 50);
INSERT INTO `player`.`drop_default` (`mob_vnum`,`item_vnum`,`count`,`prob`) VALUES(8053 , 30197, 1, 50);
INSERT INTO `player`.`drop_default` (`mob_vnum`,`item_vnum`,`count`,`prob`) VALUES(8053 , 30198, 1, 50);
INSERT INTO `player`.`drop_default` (`mob_vnum`,`item_vnum`,`count`,`prob`) VALUES(8053 , 30199, 1, 50);
INSERT INTO `player`.`drop_default` (`mob_vnum`,`item_vnum`,`count`,`prob`) VALUES(8054 , 50513, 3, 670);
INSERT INTO `player`.`drop_default` (`mob_vnum`,`item_vnum`,`count`,`prob`) VALUES(8054 , 70102, 1, 670);
INSERT INTO `player`.`drop_default` (`mob_vnum`,`item_vnum`,`count`,`prob`) VALUES(8054 , 25040, 1, 670);
INSERT INTO `player`.`drop_default` (`mob_vnum`,`item_vnum`,`count`,`prob`) VALUES(8054 , 70014, 1, 10);
INSERT INTO `player`.`drop_default` (`mob_vnum`,`item_vnum`,`count`,`prob`) VALUES(8054 , 70037, 1, 10);
INSERT INTO `player`.`drop_default` (`mob_vnum`,`item_vnum`,`count`,`prob`) VALUES(8054 , 28430, 1, 30);
INSERT INTO `player`.`drop_default` (`mob_vnum`,`item_vnum`,`count`,`prob`) VALUES(8054 , 28431, 1, 30);
INSERT INTO `player`.`drop_default` (`mob_vnum`,`item_vnum`,`count`,`prob`) VALUES(8054 , 28432, 1, 30);
INSERT INTO `player`.`drop_default` (`mob_vnum`,`item_vnum`,`count`,`prob`) VALUES(8054 , 28433, 1, 30);
INSERT INTO `player`.`drop_default` (`mob_vnum`,`item_vnum`,`count`,`prob`) VALUES(8054 , 28434, 1, 30);
INSERT INTO `player`.`drop_default` (`mob_vnum`,`item_vnum`,`count`,`prob`) VALUES(8054 , 28435, 1, 30);
INSERT INTO `player`.`drop_default` (`mob_vnum`,`item_vnum`,`count`,`prob`) VALUES(8054 , 28436, 1, 30);
INSERT INTO `player`.`drop_default` (`mob_vnum`,`item_vnum`,`count`,`prob`) VALUES(8054 , 28437, 1, 30);
INSERT INTO `player`.`drop_default` (`mob_vnum`,`item_vnum`,`count`,`prob`) VALUES(8054 , 28438, 1, 30);
INSERT INTO `player`.`drop_default` (`mob_vnum`,`item_vnum`,`count`,`prob`) VALUES(8054 , 28439, 1, 30);
INSERT INTO `player`.`drop_default` (`mob_vnum`,`item_vnum`,`count`,`prob`) VALUES(8054 , 28440, 1, 30);
INSERT INTO `player`.`drop_default` (`mob_vnum`,`item_vnum`,`count`,`prob`) VALUES(8054 , 28441, 1, 30);
INSERT INTO `player`.`drop_default` (`mob_vnum`,`item_vnum`,`count`,`prob`) VALUES(8054 , 28442, 1, 30);
INSERT INTO `player`.`drop_default` (`mob_vnum`,`item_vnum`,`count`,`prob`) VALUES(8054 , 28443, 1, 30);
INSERT INTO `player`.`drop_default` (`mob_vnum`,`item_vnum`,`count`,`prob`) VALUES(8054 , 5106, 1, 120);
INSERT INTO `player`.`drop_default` (`mob_vnum`,`item_vnum`,`count`,`prob`) VALUES(8054 , 7146, 1, 120);
INSERT INTO `player`.`drop_default` (`mob_vnum`,`item_vnum`,`count`,`prob`) VALUES(8054 , 246, 1, 120);
INSERT INTO `player`.`drop_default` (`mob_vnum`,`item_vnum`,`count`,`prob`) VALUES(8054 , 166, 1, 120);
INSERT INTO `player`.`drop_default` (`mob_vnum`,`item_vnum`,`count`,`prob`) VALUES(8054 , 2136, 1, 120);
INSERT INTO `player`.`drop_default` (`mob_vnum`,`item_vnum`,`count`,`prob`) VALUES(8054 , 1116, 1, 110);
INSERT INTO `player`.`drop_default` (`mob_vnum`,`item_vnum`,`count`,`prob`) VALUES(8054 , 3146, 1, 110);
INSERT INTO `player`.`drop_default` (`mob_vnum`,`item_vnum`,`count`,`prob`) VALUES(8054 , 11286, 1, 110);
INSERT INTO `player`.`drop_default` (`mob_vnum`,`item_vnum`,`count`,`prob`) VALUES(8054 , 11486, 1, 110);
INSERT INTO `player`.`drop_default` (`mob_vnum`,`item_vnum`,`count`,`prob`) VALUES(8054 , 11686, 1, 110);
INSERT INTO `player`.`drop_default` (`mob_vnum`,`item_vnum`,`count`,`prob`) VALUES(8054 , 11886, 1, 110);
INSERT INTO `player`.`drop_default` (`mob_vnum`,`item_vnum`,`count`,`prob`) VALUES(8054 , 72006, 1, 110);
INSERT INTO `player`.`drop_default` (`mob_vnum`,`item_vnum`,`count`,`prob`) VALUES(8054 , 70005, 1, 110);
INSERT INTO `player`.`drop_default` (`mob_vnum`,`item_vnum`,`count`,`prob`) VALUES(8054 , 70038, 20, 110);
INSERT INTO `player`.`drop_default` (`mob_vnum`,`item_vnum`,`count`,`prob`) VALUES(8054 , 146, 1, 100);
INSERT INTO `player`.`drop_default` (`mob_vnum`,`item_vnum`,`count`,`prob`) VALUES(8054 , 156, 1, 100);
INSERT INTO `player`.`drop_default` (`mob_vnum`,`item_vnum`,`count`,`prob`) VALUES(8054 , 2146, 1, 100);
INSERT INTO `player`.`drop_default` (`mob_vnum`,`item_vnum`,`count`,`prob`) VALUES(8054 , 1106, 1, 100);
INSERT INTO `player`.`drop_default` (`mob_vnum`,`item_vnum`,`count`,`prob`) VALUES(8054 , 7136, 1, 100);
INSERT INTO `player`.`drop_default` (`mob_vnum`,`item_vnum`,`count`,`prob`) VALUES(8054 , 5096, 1, 100);
INSERT INTO `player`.`drop_default` (`mob_vnum`,`item_vnum`,`count`,`prob`) VALUES(8054 , 3136, 1, 100);
INSERT INTO `player`.`drop_default` (`mob_vnum`,`item_vnum`,`count`,`prob`) VALUES(8054 , 11296, 1, 100);
INSERT INTO `player`.`drop_default` (`mob_vnum`,`item_vnum`,`count`,`prob`) VALUES(8054 , 11496, 1, 100);
INSERT INTO `player`.`drop_default` (`mob_vnum`,`item_vnum`,`count`,`prob`) VALUES(8054 , 11696, 1, 100);
INSERT INTO `player`.`drop_default` (`mob_vnum`,`item_vnum`,`count`,`prob`) VALUES(8054 , 11896, 1, 100);
INSERT INTO `player`.`drop_default` (`mob_vnum`,`item_vnum`,`count`,`prob`) VALUES(8054 , 27987, 1, 30);
INSERT INTO `player`.`drop_default` (`mob_vnum`,`item_vnum`,`count`,`prob`) VALUES(8054 , 50011, 1, 600);
INSERT INTO `player`.`drop_default` (`mob_vnum`,`item_vnum`,`count`,`prob`) VALUES(8054 , 38053, 3, 4000);
INSERT INTO `player`.`drop_default` (`mob_vnum`,`item_vnum`,`count`,`prob`) VALUES(8054 , 38052, 3, 4000);
INSERT INTO `player`.`drop_default` (`mob_vnum`,`item_vnum`,`count`,`prob`) VALUES(8054 , 30195, 1, 50);
INSERT INTO `player`.`drop_default` (`mob_vnum`,`item_vnum`,`count`,`prob`) VALUES(8054 , 30196, 1, 50);
INSERT INTO `player`.`drop_default` (`mob_vnum`,`item_vnum`,`count`,`prob`) VALUES(8054 , 30197, 1, 50);
INSERT INTO `player`.`drop_default` (`mob_vnum`,`item_vnum`,`count`,`prob`) VALUES(8054 , 30198, 1, 50);
INSERT INTO `player`.`drop_default` (`mob_vnum`,`item_vnum`,`count`,`prob`) VALUES(8054 , 30199, 1, 50);
INSERT INTO `player`.`drop_default` (`mob_vnum`,`item_vnum`,`count`,`prob`) VALUES(8055 , 50513, 3, 670);
INSERT INTO `player`.`drop_default` (`mob_vnum`,`item_vnum`,`count`,`prob`) VALUES(8055 , 70102, 1, 670);
INSERT INTO `player`.`drop_default` (`mob_vnum`,`item_vnum`,`count`,`prob`) VALUES(8055 , 25040, 1, 670);
INSERT INTO `player`.`drop_default` (`mob_vnum`,`item_vnum`,`count`,`prob`) VALUES(8055 , 70014, 1, 10);
INSERT INTO `player`.`drop_default` (`mob_vnum`,`item_vnum`,`count`,`prob`) VALUES(8055 , 70037, 1, 10);
INSERT INTO `player`.`drop_default` (`mob_vnum`,`item_vnum`,`count`,`prob`) VALUES(8055 , 28430, 1, 30);
INSERT INTO `player`.`drop_default` (`mob_vnum`,`item_vnum`,`count`,`prob`) VALUES(8055 , 28431, 1, 30);
INSERT INTO `player`.`drop_default` (`mob_vnum`,`item_vnum`,`count`,`prob`) VALUES(8055 , 28432, 1, 30);
INSERT INTO `player`.`drop_default` (`mob_vnum`,`item_vnum`,`count`,`prob`) VALUES(8055 , 28433, 1, 30);
INSERT INTO `player`.`drop_default` (`mob_vnum`,`item_vnum`,`count`,`prob`) VALUES(8055 , 28434, 1, 30);
INSERT INTO `player`.`drop_default` (`mob_vnum`,`item_vnum`,`count`,`prob`) VALUES(8055 , 28435, 1, 30);
INSERT INTO `player`.`drop_default` (`mob_vnum`,`item_vnum`,`count`,`prob`) VALUES(8055 , 28436, 1, 30);
INSERT INTO `player`.`drop_default` (`mob_vnum`,`item_vnum`,`count`,`prob`) VALUES(8055 , 28437, 1, 30);
INSERT INTO `player`.`drop_default` (`mob_vnum`,`item_vnum`,`count`,`prob`) VALUES(8055 , 28438, 1, 30);
INSERT INTO `player`.`drop_default` (`mob_vnum`,`item_vnum`,`count`,`prob`) VALUES(8055 , 28439, 1, 30);
INSERT INTO `player`.`drop_default` (`mob_vnum`,`item_vnum`,`count`,`prob`) VALUES(8055 , 28440, 1, 30);
INSERT INTO `player`.`drop_default` (`mob_vnum`,`item_vnum`,`count`,`prob`) VALUES(8055 , 28441, 1, 30);
INSERT INTO `player`.`drop_default` (`mob_vnum`,`item_vnum`,`count`,`prob`) VALUES(8055 , 28442, 1, 30);
INSERT INTO `player`.`drop_default` (`mob_vnum`,`item_vnum`,`count`,`prob`) VALUES(8055 , 28443, 1, 30);
INSERT INTO `player`.`drop_default` (`mob_vnum`,`item_vnum`,`count`,`prob`) VALUES(8055 , 5106, 1, 120);
INSERT INTO `player`.`drop_default` (`mob_vnum`,`item_vnum`,`count`,`prob`) VALUES(8055 , 7146, 1, 120);
INSERT INTO `player`.`drop_default` (`mob_vnum`,`item_vnum`,`count`,`prob`) VALUES(8055 , 246, 1, 120);
INSERT INTO `player`.`drop_default` (`mob_vnum`,`item_vnum`,`count`,`prob`) VALUES(8055 , 166, 1, 120);
INSERT INTO `player`.`drop_default` (`mob_vnum`,`item_vnum`,`count`,`prob`) VALUES(8055 , 2136, 1, 120);
INSERT INTO `player`.`drop_default` (`mob_vnum`,`item_vnum`,`count`,`prob`) VALUES(8055 , 1116, 1, 110);
INSERT INTO `player`.`drop_default` (`mob_vnum`,`item_vnum`,`count`,`prob`) VALUES(8055 , 3146, 1, 110);
INSERT INTO `player`.`drop_default` (`mob_vnum`,`item_vnum`,`count`,`prob`) VALUES(8055 , 11286, 1, 110);
INSERT INTO `player`.`drop_default` (`mob_vnum`,`item_vnum`,`count`,`prob`) VALUES(8055 , 11486, 1, 110);
INSERT INTO `player`.`drop_default` (`mob_vnum`,`item_vnum`,`count`,`prob`) VALUES(8055 , 11686, 1, 110);
INSERT INTO `player`.`drop_default` (`mob_vnum`,`item_vnum`,`count`,`prob`) VALUES(8055 , 11886, 1, 110);
INSERT INTO `player`.`drop_default` (`mob_vnum`,`item_vnum`,`count`,`prob`) VALUES(8055 , 72006, 1, 110);
INSERT INTO `player`.`drop_default` (`mob_vnum`,`item_vnum`,`count`,`prob`) VALUES(8055 , 70005, 1, 110);
INSERT INTO `player`.`drop_default` (`mob_vnum`,`item_vnum`,`count`,`prob`) VALUES(8055 , 70038, 20, 110);
INSERT INTO `player`.`drop_default` (`mob_vnum`,`item_vnum`,`count`,`prob`) VALUES(8055 , 146, 1, 100);
INSERT INTO `player`.`drop_default` (`mob_vnum`,`item_vnum`,`count`,`prob`) VALUES(8055 , 156, 1, 100);
INSERT INTO `player`.`drop_default` (`mob_vnum`,`item_vnum`,`count`,`prob`) VALUES(8055 , 2146, 1, 100);
INSERT INTO `player`.`drop_default` (`mob_vnum`,`item_vnum`,`count`,`prob`) VALUES(8055 , 1106, 1, 100);
INSERT INTO `player`.`drop_default` (`mob_vnum`,`item_vnum`,`count`,`prob`) VALUES(8055 , 7136, 1, 100);
INSERT INTO `player`.`drop_default` (`mob_vnum`,`item_vnum`,`count`,`prob`) VALUES(8055 , 5096, 1, 100);
INSERT INTO `player`.`drop_default` (`mob_vnum`,`item_vnum`,`count`,`prob`) VALUES(8055 , 3136, 1, 100);
INSERT INTO `player`.`drop_default` (`mob_vnum`,`item_vnum`,`count`,`prob`) VALUES(8055 , 11296, 1, 100);
INSERT INTO `player`.`drop_default` (`mob_vnum`,`item_vnum`,`count`,`prob`) VALUES(8055 , 11496, 1, 100);
INSERT INTO `player`.`drop_default` (`mob_vnum`,`item_vnum`,`count`,`prob`) VALUES(8055 , 11696, 1, 100);
INSERT INTO `player`.`drop_default` (`mob_vnum`,`item_vnum`,`count`,`prob`) VALUES(8055 , 11896, 1, 100);
INSERT INTO `player`.`drop_default` (`mob_vnum`,`item_vnum`,`count`,`prob`) VALUES(8055 , 27987, 1, 30);
INSERT INTO `player`.`drop_default` (`mob_vnum`,`item_vnum`,`count`,`prob`) VALUES(8055 , 50011, 1, 600);
INSERT INTO `player`.`drop_default` (`mob_vnum`,`item_vnum`,`count`,`prob`) VALUES(8055 , 38053, 3, 4000);
INSERT INTO `player`.`drop_default` (`mob_vnum`,`item_vnum`,`count`,`prob`) VALUES(8055 , 38052, 3, 4000);
INSERT INTO `player`.`drop_default` (`mob_vnum`,`item_vnum`,`count`,`prob`) VALUES(8055 , 30195, 1, 50);
INSERT INTO `player`.`drop_default` (`mob_vnum`,`item_vnum`,`count`,`prob`) VALUES(8055 , 30196, 1, 50);
INSERT INTO `player`.`drop_default` (`mob_vnum`,`item_vnum`,`count`,`prob`) VALUES(8055 , 30197, 1, 50);
INSERT INTO `player`.`drop_default` (`mob_vnum`,`item_vnum`,`count`,`prob`) VALUES(8055 , 30198, 1, 50);
INSERT INTO `player`.`drop_default` (`mob_vnum`,`item_vnum`,`count`,`prob`) VALUES(8055 , 30199, 1, 50);
INSERT INTO `player`.`drop_default` (`mob_vnum`,`item_vnum`,`count`,`prob`) VALUES(8056 , 50513, 3, 670);
INSERT INTO `player`.`drop_default` (`mob_vnum`,`item_vnum`,`count`,`prob`) VALUES(8056 , 70102, 1, 670);
INSERT INTO `player`.`drop_default` (`mob_vnum`,`item_vnum`,`count`,`prob`) VALUES(8056 , 25040, 1, 670);
INSERT INTO `player`.`drop_default` (`mob_vnum`,`item_vnum`,`count`,`prob`) VALUES(8056 , 70014, 1, 10);
INSERT INTO `player`.`drop_default` (`mob_vnum`,`item_vnum`,`count`,`prob`) VALUES(8056 , 70037, 1, 10);
INSERT INTO `player`.`drop_default` (`mob_vnum`,`item_vnum`,`count`,`prob`) VALUES(8056 , 28430, 1, 30);
INSERT INTO `player`.`drop_default` (`mob_vnum`,`item_vnum`,`count`,`prob`) VALUES(8056 , 28431, 1, 30);
INSERT INTO `player`.`drop_default` (`mob_vnum`,`item_vnum`,`count`,`prob`) VALUES(8056 , 28432, 1, 30);
INSERT INTO `player`.`drop_default` (`mob_vnum`,`item_vnum`,`count`,`prob`) VALUES(8056 , 28433, 1, 30);
INSERT INTO `player`.`drop_default` (`mob_vnum`,`item_vnum`,`count`,`prob`) VALUES(8056 , 28434, 1, 30);
INSERT INTO `player`.`drop_default` (`mob_vnum`,`item_vnum`,`count`,`prob`) VALUES(8056 , 28435, 1, 30);
INSERT INTO `player`.`drop_default` (`mob_vnum`,`item_vnum`,`count`,`prob`) VALUES(8056 , 28436, 1, 30);
INSERT INTO `player`.`drop_default` (`mob_vnum`,`item_vnum`,`count`,`prob`) VALUES(8056 , 28437, 1, 30);
INSERT INTO `player`.`drop_default` (`mob_vnum`,`item_vnum`,`count`,`prob`) VALUES(8056 , 28438, 1, 30);
INSERT INTO `player`.`drop_default` (`mob_vnum`,`item_vnum`,`count`,`prob`) VALUES(8056 , 28439, 1, 30);
INSERT INTO `player`.`drop_default` (`mob_vnum`,`item_vnum`,`count`,`prob`) VALUES(8056 , 28440, 1, 30);
INSERT INTO `player`.`drop_default` (`mob_vnum`,`item_vnum`,`count`,`prob`) VALUES(8056 , 28441, 1, 30);
INSERT INTO `player`.`drop_default` (`mob_vnum`,`item_vnum`,`count`,`prob`) VALUES(8056 , 28442, 1, 30);
INSERT INTO `player`.`drop_default` (`mob_vnum`,`item_vnum`,`count`,`prob`) VALUES(8056 , 28443, 1, 30);
INSERT INTO `player`.`drop_default` (`mob_vnum`,`item_vnum`,`count`,`prob`) VALUES(8056 , 5106, 1, 120);
INSERT INTO `player`.`drop_default` (`mob_vnum`,`item_vnum`,`count`,`prob`) VALUES(8056 , 7146, 1, 120);
INSERT INTO `player`.`drop_default` (`mob_vnum`,`item_vnum`,`count`,`prob`) VALUES(8056 , 246, 1, 120);
INSERT INTO `player`.`drop_default` (`mob_vnum`,`item_vnum`,`count`,`prob`) VALUES(8056 , 166, 1, 120);
INSERT INTO `player`.`drop_default` (`mob_vnum`,`item_vnum`,`count`,`prob`) VALUES(8056 , 2136, 1, 120);
INSERT INTO `player`.`drop_default` (`mob_vnum`,`item_vnum`,`count`,`prob`) VALUES(8056 , 1116, 1, 110);
INSERT INTO `player`.`drop_default` (`mob_vnum`,`item_vnum`,`count`,`prob`) VALUES(8056 , 3146, 1, 110);
INSERT INTO `player`.`drop_default` (`mob_vnum`,`item_vnum`,`count`,`prob`) VALUES(8056 , 11286, 1, 110);
INSERT INTO `player`.`drop_default` (`mob_vnum`,`item_vnum`,`count`,`prob`) VALUES(8056 , 11486, 1, 110);
INSERT INTO `player`.`drop_default` (`mob_vnum`,`item_vnum`,`count`,`prob`) VALUES(8056 , 11686, 1, 110);
INSERT INTO `player`.`drop_default` (`mob_vnum`,`item_vnum`,`count`,`prob`) VALUES(8056 , 11886, 1, 110);
INSERT INTO `player`.`drop_default` (`mob_vnum`,`item_vnum`,`count`,`prob`) VALUES(8056 , 72006, 1, 110);
INSERT INTO `player`.`drop_default` (`mob_vnum`,`item_vnum`,`count`,`prob`) VALUES(8056 , 70005, 1, 110);
INSERT INTO `player`.`drop_default` (`mob_vnum`,`item_vnum`,`count`,`prob`) VALUES(8056 , 70038, 20, 110);
INSERT INTO `player`.`drop_default` (`mob_vnum`,`item_vnum`,`count`,`prob`) VALUES(8056 , 146, 1, 100);
INSERT INTO `player`.`drop_default` (`mob_vnum`,`item_vnum`,`count`,`prob`) VALUES(8056 , 156, 1, 100);
INSERT INTO `player`.`drop_default` (`mob_vnum`,`item_vnum`,`count`,`prob`) VALUES(8056 , 2146, 1, 100);
INSERT INTO `player`.`drop_default` (`mob_vnum`,`item_vnum`,`count`,`prob`) VALUES(8056 , 1106, 1, 100);
INSERT INTO `player`.`drop_default` (`mob_vnum`,`item_vnum`,`count`,`prob`) VALUES(8056 , 7136, 1, 100);
INSERT INTO `player`.`drop_default` (`mob_vnum`,`item_vnum`,`count`,`prob`) VALUES(8056 , 5096, 1, 100);
INSERT INTO `player`.`drop_default` (`mob_vnum`,`item_vnum`,`count`,`prob`) VALUES(8056 , 3136, 1, 100);
INSERT INTO `player`.`drop_default` (`mob_vnum`,`item_vnum`,`count`,`prob`) VALUES(8056 , 11296, 1, 100);
INSERT INTO `player`.`drop_default` (`mob_vnum`,`item_vnum`,`count`,`prob`) VALUES(8056 , 11496, 1, 100);
INSERT INTO `player`.`drop_default` (`mob_vnum`,`item_vnum`,`count`,`prob`) VALUES(8056 , 11696, 1, 100);
INSERT INTO `player`.`drop_default` (`mob_vnum`,`item_vnum`,`count`,`prob`) VALUES(8056 , 11896, 1, 100);
INSERT INTO `player`.`drop_default` (`mob_vnum`,`item_vnum`,`count`,`prob`) VALUES(8056 , 27987, 1, 30);
INSERT INTO `player`.`drop_default` (`mob_vnum`,`item_vnum`,`count`,`prob`) VALUES(8056 , 50011, 1, 600);
INSERT INTO `player`.`drop_default` (`mob_vnum`,`item_vnum`,`count`,`prob`) VALUES(8056 , 38053, 3, 4000);
INSERT INTO `player`.`drop_default` (`mob_vnum`,`item_vnum`,`count`,`prob`) VALUES(8056 , 38052, 3, 4000);
INSERT INTO `player`.`drop_default` (`mob_vnum`,`item_vnum`,`count`,`prob`) VALUES(8056 , 30195, 1, 50);
INSERT INTO `player`.`drop_default` (`mob_vnum`,`item_vnum`,`count`,`prob`) VALUES(8056 , 30196, 1, 50);
INSERT INTO `player`.`drop_default` (`mob_vnum`,`item_vnum`,`count`,`prob`) VALUES(8056 , 30197, 1, 50);
INSERT INTO `player`.`drop_default` (`mob_vnum`,`item_vnum`,`count`,`prob`) VALUES(8056 , 30198, 1, 50);
INSERT INTO `player`.`drop_default` (`mob_vnum`,`item_vnum`,`count`,`prob`) VALUES(8056 , 30199, 1, 50);
INSERT INTO `player`.`drop_default` (`mob_vnum`,`item_vnum`,`count`,`prob`) VALUES(601 , 14103, 1, 30);
INSERT INTO `player`.`drop_default` (`mob_vnum`,`item_vnum`,`count`,`prob`) VALUES(601 , 16103, 1, 30);
INSERT INTO `player`.`drop_default` (`mob_vnum`,`item_vnum`,`count`,`prob`) VALUES(601 , 17103, 1, 30);
INSERT INTO `player`.`drop_default` (`mob_vnum`,`item_vnum`,`count`,`prob`) VALUES(601 , 14143, 1, 30);
INSERT INTO `player`.`drop_default` (`mob_vnum`,`item_vnum`,`count`,`prob`) VALUES(601 , 16143, 1, 30);
INSERT INTO `player`.`drop_default` (`mob_vnum`,`item_vnum`,`count`,`prob`) VALUES(601 , 17143, 1, 30);
INSERT INTO `player`.`drop_default` (`mob_vnum`,`item_vnum`,`count`,`prob`) VALUES(601 , 16123, 1, 30);
INSERT INTO `player`.`drop_default` (`mob_vnum`,`item_vnum`,`count`,`prob`) VALUES(601 , 1174, 1, 30);
INSERT INTO `player`.`drop_default` (`mob_vnum`,`item_vnum`,`count`,`prob`) VALUES(602 , 14103, 1, 30);
INSERT INTO `player`.`drop_default` (`mob_vnum`,`item_vnum`,`count`,`prob`) VALUES(602 , 16103, 1, 30);
INSERT INTO `player`.`drop_default` (`mob_vnum`,`item_vnum`,`count`,`prob`) VALUES(602 , 17103, 1, 30);
INSERT INTO `player`.`drop_default` (`mob_vnum`,`item_vnum`,`count`,`prob`) VALUES(602 , 14143, 1, 30);
INSERT INTO `player`.`drop_default` (`mob_vnum`,`item_vnum`,`count`,`prob`) VALUES(602 , 16143, 1, 30);
INSERT INTO `player`.`drop_default` (`mob_vnum`,`item_vnum`,`count`,`prob`) VALUES(602 , 17143, 1, 30);
INSERT INTO `player`.`drop_default` (`mob_vnum`,`item_vnum`,`count`,`prob`) VALUES(602 , 16123, 1, 30);
INSERT INTO `player`.`drop_default` (`mob_vnum`,`item_vnum`,`count`,`prob`) VALUES(602 , 1174, 1, 30);
INSERT INTO `player`.`drop_default` (`mob_vnum`,`item_vnum`,`count`,`prob`) VALUES(531 , 14103, 1, 30);
INSERT INTO `player`.`drop_default` (`mob_vnum`,`item_vnum`,`count`,`prob`) VALUES(531 , 16103, 1, 30);
INSERT INTO `player`.`drop_default` (`mob_vnum`,`item_vnum`,`count`,`prob`) VALUES(531 , 17103, 1, 30);
INSERT INTO `player`.`drop_default` (`mob_vnum`,`item_vnum`,`count`,`prob`) VALUES(651 , 14103, 1, 30);
INSERT INTO `player`.`drop_default` (`mob_vnum`,`item_vnum`,`count`,`prob`) VALUES(651 , 16103, 1, 30);
INSERT INTO `player`.`drop_default` (`mob_vnum`,`item_vnum`,`count`,`prob`) VALUES(651 , 17103, 1, 30);
INSERT INTO `player`.`drop_default` (`mob_vnum`,`item_vnum`,`count`,`prob`) VALUES(651 , 1174, 1, 30);
INSERT INTO `player`.`drop_default` (`mob_vnum`,`item_vnum`,`count`,`prob`) VALUES(751 , 14103, 1, 30);
INSERT INTO `player`.`drop_default` (`mob_vnum`,`item_vnum`,`count`,`prob`) VALUES(751 , 16103, 1, 30);
INSERT INTO `player`.`drop_default` (`mob_vnum`,`item_vnum`,`count`,`prob`) VALUES(751 , 17103, 1, 30);
INSERT INTO `player`.`drop_default` (`mob_vnum`,`item_vnum`,`count`,`prob`) VALUES(751 , 15163, 1, 30);
INSERT INTO `player`.`drop_default` (`mob_vnum`,`item_vnum`,`count`,`prob`) VALUES(333 , 14103, 1, 30);
INSERT INTO `player`.`drop_default` (`mob_vnum`,`item_vnum`,`count`,`prob`) VALUES(333 , 16103, 1, 30);
INSERT INTO `player`.`drop_default` (`mob_vnum`,`item_vnum`,`count`,`prob`) VALUES(333 , 17103, 1, 30);
INSERT INTO `player`.`drop_default` (`mob_vnum`,`item_vnum`,`count`,`prob`) VALUES(5102 , 14103, 1, 30);
INSERT INTO `player`.`drop_default` (`mob_vnum`,`item_vnum`,`count`,`prob`) VALUES(5102 , 16103, 1, 30);
INSERT INTO `player`.`drop_default` (`mob_vnum`,`item_vnum`,`count`,`prob`) VALUES(5102 , 17103, 1, 30);
INSERT INTO `player`.`drop_default` (`mob_vnum`,`item_vnum`,`count`,`prob`) VALUES(1039 , 14103, 1, 30);
INSERT INTO `player`.`drop_default` (`mob_vnum`,`item_vnum`,`count`,`prob`) VALUES(1039 , 16103, 1, 30);
INSERT INTO `player`.`drop_default` (`mob_vnum`,`item_vnum`,`count`,`prob`) VALUES(1039 , 17103, 1, 30);
INSERT INTO `player`.`drop_default` (`mob_vnum`,`item_vnum`,`count`,`prob`) VALUES(1039 , 14143, 1, 30);
INSERT INTO `player`.`drop_default` (`mob_vnum`,`item_vnum`,`count`,`prob`) VALUES(1039 , 16143, 1, 30);
INSERT INTO `player`.`drop_default` (`mob_vnum`,`item_vnum`,`count`,`prob`) VALUES(1039 , 17143, 1, 30);
INSERT INTO `player`.`drop_default` (`mob_vnum`,`item_vnum`,`count`,`prob`) VALUES(2104 , 14143, 1, 30);
INSERT INTO `player`.`drop_default` (`mob_vnum`,`item_vnum`,`count`,`prob`) VALUES(2104 , 16143, 1, 30);
INSERT INTO `player`.`drop_default` (`mob_vnum`,`item_vnum`,`count`,`prob`) VALUES(2104 , 17143, 1, 30);
INSERT INTO `player`.`drop_default` (`mob_vnum`,`item_vnum`,`count`,`prob`) VALUES(2104 , 15163, 1, 30);
INSERT INTO `player`.`drop_default` (`mob_vnum`,`item_vnum`,`count`,`prob`) VALUES(2104 , 15183, 1, 30);
INSERT INTO `player`.`drop_default` (`mob_vnum`,`item_vnum`,`count`,`prob`) VALUES(2104 , 15223, 1, 30);
INSERT INTO `player`.`drop_default` (`mob_vnum`,`item_vnum`,`count`,`prob`) VALUES(2104 , 5114, 1, 30);
INSERT INTO `player`.`drop_default` (`mob_vnum`,`item_vnum`,`count`,`prob`) VALUES(2104 , 7164, 1, 30);
INSERT INTO `player`.`drop_default` (`mob_vnum`,`item_vnum`,`count`,`prob`) VALUES(2106 , 14143, 1, 30);
INSERT INTO `player`.`drop_default` (`mob_vnum`,`item_vnum`,`count`,`prob`) VALUES(2106 , 16143, 1, 30);
INSERT INTO `player`.`drop_default` (`mob_vnum`,`item_vnum`,`count`,`prob`) VALUES(2106 , 17143, 1, 30);
INSERT INTO `player`.`drop_default` (`mob_vnum`,`item_vnum`,`count`,`prob`) VALUES(2106 , 15163, 1, 30);
INSERT INTO `player`.`drop_default` (`mob_vnum`,`item_vnum`,`count`,`prob`) VALUES(2106 , 15183, 1, 30);
INSERT INTO `player`.`drop_default` (`mob_vnum`,`item_vnum`,`count`,`prob`) VALUES(2106 , 15223, 1, 30);
INSERT INTO `player`.`drop_default` (`mob_vnum`,`item_vnum`,`count`,`prob`) VALUES(2106 , 5114, 1, 30);
INSERT INTO `player`.`drop_default` (`mob_vnum`,`item_vnum`,`count`,`prob`) VALUES(2106 , 7164, 1, 30);
INSERT INTO `player`.`drop_default` (`mob_vnum`,`item_vnum`,`count`,`prob`) VALUES(2107 , 14143, 1, 30);
INSERT INTO `player`.`drop_default` (`mob_vnum`,`item_vnum`,`count`,`prob`) VALUES(2107 , 16143, 1, 30);
INSERT INTO `player`.`drop_default` (`mob_vnum`,`item_vnum`,`count`,`prob`) VALUES(2107 , 17143, 1, 30);
INSERT INTO `player`.`drop_default` (`mob_vnum`,`item_vnum`,`count`,`prob`) VALUES(2107 , 15163, 1, 30);
INSERT INTO `player`.`drop_default` (`mob_vnum`,`item_vnum`,`count`,`prob`) VALUES(2107 , 15183, 1, 30);
INSERT INTO `player`.`drop_default` (`mob_vnum`,`item_vnum`,`count`,`prob`) VALUES(2107 , 15223, 1, 30);
INSERT INTO `player`.`drop_default` (`mob_vnum`,`item_vnum`,`count`,`prob`) VALUES(2107 , 5114, 1, 30);
INSERT INTO `player`.`drop_default` (`mob_vnum`,`item_vnum`,`count`,`prob`) VALUES(2107 , 7164, 1, 30);
INSERT INTO `player`.`drop_default` (`mob_vnum`,`item_vnum`,`count`,`prob`) VALUES(657 , 14103, 1, 30);
INSERT INTO `player`.`drop_default` (`mob_vnum`,`item_vnum`,`count`,`prob`) VALUES(657 , 16103, 1, 30);
INSERT INTO `player`.`drop_default` (`mob_vnum`,`item_vnum`,`count`,`prob`) VALUES(657 , 17103, 1, 30);
INSERT INTO `player`.`drop_default` (`mob_vnum`,`item_vnum`,`count`,`prob`) VALUES(657 , 14143, 1, 30);
INSERT INTO `player`.`drop_default` (`mob_vnum`,`item_vnum`,`count`,`prob`) VALUES(657 , 16143, 1, 30);
INSERT INTO `player`.`drop_default` (`mob_vnum`,`item_vnum`,`count`,`prob`) VALUES(657 , 17143, 1, 30);
INSERT INTO `player`.`drop_default` (`mob_vnum`,`item_vnum`,`count`,`prob`) VALUES(657 , 16123, 1, 30);
INSERT INTO `player`.`drop_default` (`mob_vnum`,`item_vnum`,`count`,`prob`) VALUES(657 , 1174, 1, 30);
INSERT INTO `player`.`drop_default` (`mob_vnum`,`item_vnum`,`count`,`prob`) VALUES(631 , 14143, 1, 30);
INSERT INTO `player`.`drop_default` (`mob_vnum`,`item_vnum`,`count`,`prob`) VALUES(631 , 16143, 1, 30);
INSERT INTO `player`.`drop_default` (`mob_vnum`,`item_vnum`,`count`,`prob`) VALUES(631 , 17143, 1, 30);
INSERT INTO `player`.`drop_default` (`mob_vnum`,`item_vnum`,`count`,`prob`) VALUES(631 , 14163, 1, 30);
INSERT INTO `player`.`drop_default` (`mob_vnum`,`item_vnum`,`count`,`prob`) VALUES(631 , 16163, 1, 30);
INSERT INTO `player`.`drop_default` (`mob_vnum`,`item_vnum`,`count`,`prob`) VALUES(631 , 17163, 1, 30);
INSERT INTO `player`.`drop_default` (`mob_vnum`,`item_vnum`,`count`,`prob`) VALUES(631 , 15163, 1, 30);
INSERT INTO `player`.`drop_default` (`mob_vnum`,`item_vnum`,`count`,`prob`) VALUES(631 , 1174, 1, 30);
INSERT INTO `player`.`drop_default` (`mob_vnum`,`item_vnum`,`count`,`prob`) VALUES(2492 , 14143, 1, 30);
INSERT INTO `player`.`drop_default` (`mob_vnum`,`item_vnum`,`count`,`prob`) VALUES(2492 , 16143, 1, 30);
INSERT INTO `player`.`drop_default` (`mob_vnum`,`item_vnum`,`count`,`prob`) VALUES(2492 , 17143, 1, 30);
INSERT INTO `player`.`drop_default` (`mob_vnum`,`item_vnum`,`count`,`prob`) VALUES(2492 , 14203, 1, 30);
INSERT INTO `player`.`drop_default` (`mob_vnum`,`item_vnum`,`count`,`prob`) VALUES(2492 , 16203, 1, 30);
INSERT INTO `player`.`drop_default` (`mob_vnum`,`item_vnum`,`count`,`prob`) VALUES(2492 , 17203, 1, 30);
INSERT INTO `player`.`drop_default` (`mob_vnum`,`item_vnum`,`count`,`prob`) VALUES(2492 , 15163, 1, 30);
INSERT INTO `player`.`drop_default` (`mob_vnum`,`item_vnum`,`count`,`prob`) VALUES(2492 , 15203, 1, 30);
INSERT INTO `player`.`drop_default` (`mob_vnum`,`item_vnum`,`count`,`prob`) VALUES(7013 , 14183, 1, 30);
INSERT INTO `player`.`drop_default` (`mob_vnum`,`item_vnum`,`count`,`prob`) VALUES(7013 , 16183, 1, 30);
INSERT INTO `player`.`drop_default` (`mob_vnum`,`item_vnum`,`count`,`prob`) VALUES(7013 , 17183, 1, 30);
INSERT INTO `player`.`drop_default` (`mob_vnum`,`item_vnum`,`count`,`prob`) VALUES(7013 , 14203, 1, 30);
INSERT INTO `player`.`drop_default` (`mob_vnum`,`item_vnum`,`count`,`prob`) VALUES(7013 , 16203, 1, 30);
INSERT INTO `player`.`drop_default` (`mob_vnum`,`item_vnum`,`count`,`prob`) VALUES(7013 , 17203, 1, 30);
INSERT INTO `player`.`drop_default` (`mob_vnum`,`item_vnum`,`count`,`prob`) VALUES(1001 , 14203, 1, 30);
INSERT INTO `player`.`drop_default` (`mob_vnum`,`item_vnum`,`count`,`prob`) VALUES(1001 , 16203, 1, 30);
INSERT INTO `player`.`drop_default` (`mob_vnum`,`item_vnum`,`count`,`prob`) VALUES(1001 , 17203, 1, 30);
INSERT INTO `player`.`drop_default` (`mob_vnum`,`item_vnum`,`count`,`prob`) VALUES(1003 , 14203, 1, 30);
INSERT INTO `player`.`drop_default` (`mob_vnum`,`item_vnum`,`count`,`prob`) VALUES(1003 , 16203, 1, 30);
INSERT INTO `player`.`drop_default` (`mob_vnum`,`item_vnum`,`count`,`prob`) VALUES(1003 , 17203, 1, 30);
INSERT INTO `player`.`drop_default` (`mob_vnum`,`item_vnum`,`count`,`prob`) VALUES(1004 , 14203, 1, 30);
INSERT INTO `player`.`drop_default` (`mob_vnum`,`item_vnum`,`count`,`prob`) VALUES(1004 , 16203, 1, 30);
INSERT INTO `player`.`drop_default` (`mob_vnum`,`item_vnum`,`count`,`prob`) VALUES(1004 , 17203, 1, 30);
INSERT INTO `player`.`drop_default` (`mob_vnum`,`item_vnum`,`count`,`prob`) VALUES(1002 , 14203, 1, 30);
INSERT INTO `player`.`drop_default` (`mob_vnum`,`item_vnum`,`count`,`prob`) VALUES(1002 , 16203, 1, 30);
INSERT INTO `player`.`drop_default` (`mob_vnum`,`item_vnum`,`count`,`prob`) VALUES(1002 , 17203, 1, 30);
INSERT INTO `player`.`drop_default` (`mob_vnum`,`item_vnum`,`count`,`prob`) VALUES(1302 , 15163, 1, 30);
INSERT INTO `player`.`drop_default` (`mob_vnum`,`item_vnum`,`count`,`prob`) VALUES(636 , 16165, 1, 10);
INSERT INTO `player`.`drop_default` (`mob_vnum`,`item_vnum`,`count`,`prob`) VALUES(636 , 17165, 1, 10);
INSERT INTO `player`.`drop_default` (`mob_vnum`,`item_vnum`,`count`,`prob`) VALUES(636 , 14165, 1, 10);
INSERT INTO `player`.`drop_default` (`mob_vnum`,`item_vnum`,`count`,`prob`) VALUES(636 , 17185, 1, 10);
INSERT INTO `player`.`drop_default` (`mob_vnum`,`item_vnum`,`count`,`prob`) VALUES(636 , 16185, 1, 10);
INSERT INTO `player`.`drop_default` (`mob_vnum`,`item_vnum`,`count`,`prob`) VALUES(636 , 14185, 1, 10);
INSERT INTO `player`.`drop_default` (`mob_vnum`,`item_vnum`,`count`,`prob`) VALUES(636 , 17105, 1, 10);
INSERT INTO `player`.`drop_default` (`mob_vnum`,`item_vnum`,`count`,`prob`) VALUES(2301 , 50727, 1, 20);
INSERT INTO `player`.`drop_default` (`mob_vnum`,`item_vnum`,`count`,`prob`) VALUES(2302 , 50726, 1, 10);
INSERT INTO `player`.`drop_default` (`mob_vnum`,`item_vnum`,`count`,`prob`) VALUES(2302 , 15183, 1, 30);
INSERT INTO `player`.`drop_default` (`mob_vnum`,`item_vnum`,`count`,`prob`) VALUES(2303 , 11270, 1, 300);
INSERT INTO `player`.`drop_default` (`mob_vnum`,`item_vnum`,`count`,`prob`) VALUES(2303 , 11470, 1, 300);
INSERT INTO `player`.`drop_default` (`mob_vnum`,`item_vnum`,`count`,`prob`) VALUES(2303 , 11670, 1, 300);
INSERT INTO `player`.`drop_default` (`mob_vnum`,`item_vnum`,`count`,`prob`) VALUES(2303 , 11870, 1, 300);
INSERT INTO `player`.`drop_default` (`mob_vnum`,`item_vnum`,`count`,`prob`) VALUES(2303 , 11271, 1, 200);
INSERT INTO `player`.`drop_default` (`mob_vnum`,`item_vnum`,`count`,`prob`) VALUES(2303 , 11471, 1, 200);
INSERT INTO `player`.`drop_default` (`mob_vnum`,`item_vnum`,`count`,`prob`) VALUES(2303 , 11671, 1, 200);
INSERT INTO `player`.`drop_default` (`mob_vnum`,`item_vnum`,`count`,`prob`) VALUES(2303 , 11871, 1, 200);
INSERT INTO `player`.`drop_default` (`mob_vnum`,`item_vnum`,`count`,`prob`) VALUES(2303 , 11272, 1, 100);
INSERT INTO `player`.`drop_default` (`mob_vnum`,`item_vnum`,`count`,`prob`) VALUES(2303 , 11472, 1, 100);
INSERT INTO `player`.`drop_default` (`mob_vnum`,`item_vnum`,`count`,`prob`) VALUES(2303 , 11672, 1, 100);
INSERT INTO `player`.`drop_default` (`mob_vnum`,`item_vnum`,`count`,`prob`) VALUES(2303 , 11872, 1, 100);
INSERT INTO `player`.`drop_default` (`mob_vnum`,`item_vnum`,`count`,`prob`) VALUES(2304 , 11280, 1, 10);
INSERT INTO `player`.`drop_default` (`mob_vnum`,`item_vnum`,`count`,`prob`) VALUES(2304 , 11880, 1, 10);
INSERT INTO `player`.`drop_default` (`mob_vnum`,`item_vnum`,`count`,`prob`) VALUES(2304 , 11480, 1, 10);
INSERT INTO `player`.`drop_default` (`mob_vnum`,`item_vnum`,`count`,`prob`) VALUES(2304 , 11680, 1, 10);
INSERT INTO `player`.`drop_default` (`mob_vnum`,`item_vnum`,`count`,`prob`) VALUES(2305 , 3140, 1, 10);
INSERT INTO `player`.`drop_default` (`mob_vnum`,`item_vnum`,`count`,`prob`) VALUES(2305 , 1110, 1, 10);
INSERT INTO `player`.`drop_default` (`mob_vnum`,`item_vnum`,`count`,`prob`) VALUES(2305 , 2130, 1, 10);
INSERT INTO `player`.`drop_default` (`mob_vnum`,`item_vnum`,`count`,`prob`) VALUES(2305 , 7140, 1, 10);
INSERT INTO `player`.`drop_default` (`mob_vnum`,`item_vnum`,`count`,`prob`) VALUES(2305 , 5100, 1, 10);
INSERT INTO `player`.`drop_default` (`mob_vnum`,`item_vnum`,`count`,`prob`) VALUES(2305 , 160, 1, 10);
INSERT INTO `player`.`drop_default` (`mob_vnum`,`item_vnum`,`count`,`prob`) VALUES(2305 , 240, 1, 10);
INSERT INTO `player`.`drop_default` (`mob_vnum`,`item_vnum`,`count`,`prob`) VALUES(2305 , 5090, 1, 10);
INSERT INTO `player`.`drop_default` (`mob_vnum`,`item_vnum`,`count`,`prob`) VALUES(2305 , 3130, 1, 10);
INSERT INTO `player`.`drop_default` (`mob_vnum`,`item_vnum`,`count`,`prob`) VALUES(2305 , 1100, 1, 10);
INSERT INTO `player`.`drop_default` (`mob_vnum`,`item_vnum`,`count`,`prob`) VALUES(2305 , 7130, 1, 10);
INSERT INTO `player`.`drop_default` (`mob_vnum`,`item_vnum`,`count`,`prob`) VALUES(2305 , 2140, 1, 10);
INSERT INTO `player`.`drop_default` (`mob_vnum`,`item_vnum`,`count`,`prob`) VALUES(2305 , 15203, 1, 30);
INSERT INTO `player`.`drop_default` (`mob_vnum`,`item_vnum`,`count`,`prob`) VALUES(2306 , 3140, 1, 10);
INSERT INTO `player`.`drop_default` (`mob_vnum`,`item_vnum`,`count`,`prob`) VALUES(2306 , 1110, 1, 10);
INSERT INTO `player`.`drop_default` (`mob_vnum`,`item_vnum`,`count`,`prob`) VALUES(2306 , 2130, 1, 10);
INSERT INTO `player`.`drop_default` (`mob_vnum`,`item_vnum`,`count`,`prob`) VALUES(2306 , 7140, 1, 10);
INSERT INTO `player`.`drop_default` (`mob_vnum`,`item_vnum`,`count`,`prob`) VALUES(2306 , 5100, 1, 10);
INSERT INTO `player`.`drop_default` (`mob_vnum`,`item_vnum`,`count`,`prob`) VALUES(2306 , 160, 1, 10);
INSERT INTO `player`.`drop_default` (`mob_vnum`,`item_vnum`,`count`,`prob`) VALUES(2306 , 240, 1, 10);
INSERT INTO `player`.`drop_default` (`mob_vnum`,`item_vnum`,`count`,`prob`) VALUES(2306 , 5090, 1, 10);
INSERT INTO `player`.`drop_default` (`mob_vnum`,`item_vnum`,`count`,`prob`) VALUES(2306 , 3130, 1, 10);
INSERT INTO `player`.`drop_default` (`mob_vnum`,`item_vnum`,`count`,`prob`) VALUES(2306 , 1100, 1, 10);
INSERT INTO `player`.`drop_default` (`mob_vnum`,`item_vnum`,`count`,`prob`) VALUES(2306 , 7130, 1, 10);
INSERT INTO `player`.`drop_default` (`mob_vnum`,`item_vnum`,`count`,`prob`) VALUES(2306 , 2140, 1, 10);
INSERT INTO `player`.`drop_default` (`mob_vnum`,`item_vnum`,`count`,`prob`) VALUES(2306 , 15203, 1, 30);
INSERT INTO `player`.`drop_default` (`mob_vnum`,`item_vnum`,`count`,`prob`) VALUES(2306 , 50513, 1, 10);
INSERT INTO `player`.`drop_default` (`mob_vnum`,`item_vnum`,`count`,`prob`) VALUES(2313 , 11272, 1, 200);
INSERT INTO `player`.`drop_default` (`mob_vnum`,`item_vnum`,`count`,`prob`) VALUES(2313 , 11472, 1, 200);
INSERT INTO `player`.`drop_default` (`mob_vnum`,`item_vnum`,`count`,`prob`) VALUES(2313 , 11672, 1, 200);
INSERT INTO `player`.`drop_default` (`mob_vnum`,`item_vnum`,`count`,`prob`) VALUES(2313 , 11872, 1, 200);
INSERT INTO `player`.`drop_default` (`mob_vnum`,`item_vnum`,`count`,`prob`) VALUES(2313 , 11273, 1, 100);
INSERT INTO `player`.`drop_default` (`mob_vnum`,`item_vnum`,`count`,`prob`) VALUES(2313 , 11473, 1, 100);
INSERT INTO `player`.`drop_default` (`mob_vnum`,`item_vnum`,`count`,`prob`) VALUES(2313 , 11673, 1, 100);
INSERT INTO `player`.`drop_default` (`mob_vnum`,`item_vnum`,`count`,`prob`) VALUES(2313 , 11873, 1, 100);
INSERT INTO `player`.`drop_default` (`mob_vnum`,`item_vnum`,`count`,`prob`) VALUES(2313 , 15183, 1, 100);
INSERT INTO `player`.`drop_default` (`mob_vnum`,`item_vnum`,`count`,`prob`) VALUES(2314 , 11280, 1, 10);
INSERT INTO `player`.`drop_default` (`mob_vnum`,`item_vnum`,`count`,`prob`) VALUES(2314 , 11880, 1, 10);
INSERT INTO `player`.`drop_default` (`mob_vnum`,`item_vnum`,`count`,`prob`) VALUES(2314 , 11480, 1, 10);
INSERT INTO `player`.`drop_default` (`mob_vnum`,`item_vnum`,`count`,`prob`) VALUES(2314 , 11680, 1, 10);
INSERT INTO `player`.`drop_default` (`mob_vnum`,`item_vnum`,`count`,`prob`) VALUES(2314 , 15203, 1, 30);
INSERT INTO `player`.`drop_default` (`mob_vnum`,`item_vnum`,`count`,`prob`) VALUES(2315 , 3140, 1, 10);
INSERT INTO `player`.`drop_default` (`mob_vnum`,`item_vnum`,`count`,`prob`) VALUES(2315 , 1110, 1, 10);
INSERT INTO `player`.`drop_default` (`mob_vnum`,`item_vnum`,`count`,`prob`) VALUES(2315 , 2130, 1, 10);
INSERT INTO `player`.`drop_default` (`mob_vnum`,`item_vnum`,`count`,`prob`) VALUES(2315 , 7140, 1, 10);
INSERT INTO `player`.`drop_default` (`mob_vnum`,`item_vnum`,`count`,`prob`) VALUES(2315 , 5100, 1, 10);
INSERT INTO `player`.`drop_default` (`mob_vnum`,`item_vnum`,`count`,`prob`) VALUES(2315 , 160, 1, 10);
INSERT INTO `player`.`drop_default` (`mob_vnum`,`item_vnum`,`count`,`prob`) VALUES(2315 , 240, 1, 10);
INSERT INTO `player`.`drop_default` (`mob_vnum`,`item_vnum`,`count`,`prob`) VALUES(2315 , 5090, 1, 10);
INSERT INTO `player`.`drop_default` (`mob_vnum`,`item_vnum`,`count`,`prob`) VALUES(2315 , 3130, 1, 10);
INSERT INTO `player`.`drop_default` (`mob_vnum`,`item_vnum`,`count`,`prob`) VALUES(2315 , 7130, 1, 10);
INSERT INTO `player`.`drop_default` (`mob_vnum`,`item_vnum`,`count`,`prob`) VALUES(2315 , 2140, 1, 10);
INSERT INTO `player`.`drop_default` (`mob_vnum`,`item_vnum`,`count`,`prob`) VALUES(2315 , 15203, 1, 30);
INSERT INTO `player`.`drop_default` (`mob_vnum`,`item_vnum`,`count`,`prob`) VALUES(2005 , 12242, 1, 10);
INSERT INTO `player`.`drop_default` (`mob_vnum`,`item_vnum`,`count`,`prob`) VALUES(2005 , 12382, 1, 10);
INSERT INTO `player`.`drop_default` (`mob_vnum`,`item_vnum`,`count`,`prob`) VALUES(2005 , 12522, 1, 10);
INSERT INTO `player`.`drop_default` (`mob_vnum`,`item_vnum`,`count`,`prob`) VALUES(2005 , 12662, 1, 10);
INSERT INTO `player`.`drop_default` (`mob_vnum`,`item_vnum`,`count`,`prob`) VALUES(2035 , 11260, 1, 10);
INSERT INTO `player`.`drop_default` (`mob_vnum`,`item_vnum`,`count`,`prob`) VALUES(2035 , 11460, 1, 10);
INSERT INTO `player`.`drop_default` (`mob_vnum`,`item_vnum`,`count`,`prob`) VALUES(2035 , 11660, 1, 10);
INSERT INTO `player`.`drop_default` (`mob_vnum`,`item_vnum`,`count`,`prob`) VALUES(2035 , 11860, 1, 10);
INSERT INTO `player`.`drop_default` (`mob_vnum`,`item_vnum`,`count`,`prob`) VALUES(2034 , 12525, 1, 10);
INSERT INTO `player`.`drop_default` (`mob_vnum`,`item_vnum`,`count`,`prob`) VALUES(2034 , 12245, 1, 10);
INSERT INTO `player`.`drop_default` (`mob_vnum`,`item_vnum`,`count`,`prob`) VALUES(2034 , 12385, 1, 10);
INSERT INTO `player`.`drop_default` (`mob_vnum`,`item_vnum`,`count`,`prob`) VALUES(2034 , 12665, 1, 10);
INSERT INTO `player`.`drop_default` (`mob_vnum`,`item_vnum`,`count`,`prob`) VALUES(2034 , 17205, 1, 10);
INSERT INTO `player`.`drop_default` (`mob_vnum`,`item_vnum`,`count`,`prob`) VALUES(2034 , 14205, 1, 10);
INSERT INTO `player`.`drop_default` (`mob_vnum`,`item_vnum`,`count`,`prob`) VALUES(2034 , 16205, 1, 10);
INSERT INTO `player`.`drop_default` (`mob_vnum`,`item_vnum`,`count`,`prob`) VALUES(2034 , 15205, 1, 10);
INSERT INTO `player`.`drop_default` (`mob_vnum`,`item_vnum`,`count`,`prob`) VALUES(2034 , 15165, 1, 10);
INSERT INTO `player`.`drop_default` (`mob_vnum`,`item_vnum`,`count`,`prob`) VALUES(2034 , 15205, 1, 10);
INSERT INTO `player`.`drop_default` (`mob_vnum`,`item_vnum`,`count`,`prob`) VALUES(2034 , 15185, 1, 10);
INSERT INTO `player`.`drop_default` (`mob_vnum`,`item_vnum`,`count`,`prob`) VALUES(2034 , 16165, 1, 10);
INSERT INTO `player`.`drop_default` (`mob_vnum`,`item_vnum`,`count`,`prob`) VALUES(2034 , 17165, 1, 10);
INSERT INTO `player`.`drop_default` (`mob_vnum`,`item_vnum`,`count`,`prob`) VALUES(2034 , 14165, 1, 10);
INSERT INTO `player`.`drop_default` (`mob_vnum`,`item_vnum`,`count`,`prob`) VALUES(2034 , 17185, 1, 10);
INSERT INTO `player`.`drop_default` (`mob_vnum`,`item_vnum`,`count`,`prob`) VALUES(2034 , 16185, 1, 10);
INSERT INTO `player`.`drop_default` (`mob_vnum`,`item_vnum`,`count`,`prob`) VALUES(2034 , 14185, 1, 10);
INSERT INTO `player`.`drop_default` (`mob_vnum`,`item_vnum`,`count`,`prob`) VALUES(2034 , 17105, 1, 10);
INSERT INTO `player`.`drop_default` (`mob_vnum`,`item_vnum`,`count`,`prob`) VALUES(533 , 294, 1, 30);
INSERT INTO `player`.`drop_default` (`mob_vnum`,`item_vnum`,`count`,`prob`) VALUES(533 , 2154, 1, 30);
INSERT INTO `player`.`drop_default` (`mob_vnum`,`item_vnum`,`count`,`prob`) VALUES(533 , 1174, 1, 30);
INSERT INTO `player`.`drop_default` (`mob_vnum`,`item_vnum`,`count`,`prob`) VALUES(534 , 294, 1, 30);
INSERT INTO `player`.`drop_default` (`mob_vnum`,`item_vnum`,`count`,`prob`) VALUES(534 , 2154, 1, 30);
INSERT INTO `player`.`drop_default` (`mob_vnum`,`item_vnum`,`count`,`prob`) VALUES(534 , 1174, 1, 30);
INSERT INTO `player`.`drop_default` (`mob_vnum`,`item_vnum`,`count`,`prob`) VALUES(503 , 294, 1, 30);
INSERT INTO `player`.`drop_default` (`mob_vnum`,`item_vnum`,`count`,`prob`) VALUES(503 , 2154, 1, 30);
INSERT INTO `player`.`drop_default` (`mob_vnum`,`item_vnum`,`count`,`prob`) VALUES(503 , 1174, 1, 30);
INSERT INTO `player`.`drop_default` (`mob_vnum`,`item_vnum`,`count`,`prob`) VALUES(504 , 294, 1, 30);
INSERT INTO `player`.`drop_default` (`mob_vnum`,`item_vnum`,`count`,`prob`) VALUES(504 , 2154, 1, 30);
INSERT INTO `player`.`drop_default` (`mob_vnum`,`item_vnum`,`count`,`prob`) VALUES(504 , 1174, 1, 30);
INSERT INTO `player`.`drop_default` (`mob_vnum`,`item_vnum`,`count`,`prob`) VALUES(702 , 3214, 1, 30);
INSERT INTO `player`.`drop_default` (`mob_vnum`,`item_vnum`,`count`,`prob`) VALUES(703 , 3214, 1, 30);
INSERT INTO `player`.`drop_default` (`mob_vnum`,`item_vnum`,`count`,`prob`) VALUES(752 , 3214, 1, 30);
INSERT INTO `player`.`drop_default` (`mob_vnum`,`item_vnum`,`count`,`prob`) VALUES(704 , 3214, 1, 30);
INSERT INTO `player`.`drop_default` (`mob_vnum`,`item_vnum`,`count`,`prob`) VALUES(2134 , 5114, 1, 30);
INSERT INTO `player`.`drop_default` (`mob_vnum`,`item_vnum`,`count`,`prob`) VALUES(2134 , 7164, 1, 30);
INSERT INTO `player`.`drop_default` (`mob_vnum`,`item_vnum`,`count`,`prob`) VALUES(2132 , 5114, 1, 30);
INSERT INTO `player`.`drop_default` (`mob_vnum`,`item_vnum`,`count`,`prob`) VALUES(2132 , 7164, 1, 30);
INSERT INTO `player`.`drop_default` (`mob_vnum`,`item_vnum`,`count`,`prob`) VALUES(2003 , 7164, 1, 30);
INSERT INTO `player`.`drop_default` (`mob_vnum`,`item_vnum`,`count`,`prob`) VALUES(2154 , 7164, 1, 30);
INSERT INTO `player`.`drop_default` (`mob_vnum`,`item_vnum`,`count`,`prob`) VALUES(3090 , 61128, 1, 2000);
INSERT INTO `player`.`drop_default` (`mob_vnum`,`item_vnum`,`count`,`prob`) VALUES(3090 , 38052, 1, 2000);
INSERT INTO `player`.`drop_default` (`mob_vnum`,`item_vnum`,`count`,`prob`) VALUES(3091 , 61138, 1, 2000);
INSERT INTO `player`.`drop_default` (`mob_vnum`,`item_vnum`,`count`,`prob`) VALUES(3091 , 38052, 1, 2000);
INSERT INTO `player`.`drop_default` (`mob_vnum`,`item_vnum`,`count`,`prob`) VALUES(3190 , 61130, 1, 2000);
INSERT INTO `player`.`drop_default` (`mob_vnum`,`item_vnum`,`count`,`prob`) VALUES(3190 , 38052, 1, 2000);
INSERT INTO `player`.`drop_default` (`mob_vnum`,`item_vnum`,`count`,`prob`) VALUES(3191 , 61139, 1, 2000);
INSERT INTO `player`.`drop_default` (`mob_vnum`,`item_vnum`,`count`,`prob`) VALUES(3191 , 38052, 1, 2000);
INSERT INTO `player`.`drop_default` (`mob_vnum`,`item_vnum`,`count`,`prob`) VALUES(3290 , 61129, 1, 2000);
INSERT INTO `player`.`drop_default` (`mob_vnum`,`item_vnum`,`count`,`prob`) VALUES(3290 , 38052, 1, 2000);
INSERT INTO `player`.`drop_default` (`mob_vnum`,`item_vnum`,`count`,`prob`) VALUES(3291 , 61140, 1, 2000);
INSERT INTO `player`.`drop_default` (`mob_vnum`,`item_vnum`,`count`,`prob`) VALUES(3291 , 38052, 1, 2000);
INSERT INTO `player`.`drop_default` (`mob_vnum`,`item_vnum`,`count`,`prob`) VALUES(3391 , 61141, 1, 2000);
INSERT INTO `player`.`drop_default` (`mob_vnum`,`item_vnum`,`count`,`prob`) VALUES(3391 , 38052, 1, 2000);
INSERT INTO `player`.`drop_default` (`mob_vnum`,`item_vnum`,`count`,`prob`) VALUES(3490 , 61124, 1, 2000);
INSERT INTO `player`.`drop_default` (`mob_vnum`,`item_vnum`,`count`,`prob`) VALUES(3490 , 38052, 1, 2000);
INSERT INTO `player`.`drop_default` (`mob_vnum`,`item_vnum`,`count`,`prob`) VALUES(3491 , 61142, 1, 2000);
INSERT INTO `player`.`drop_default` (`mob_vnum`,`item_vnum`,`count`,`prob`) VALUES(3491 , 38052, 1, 2000);
INSERT INTO `player`.`drop_default` (`mob_vnum`,`item_vnum`,`count`,`prob`) VALUES(3590 , 61126, 1, 2000);
INSERT INTO `player`.`drop_default` (`mob_vnum`,`item_vnum`,`count`,`prob`) VALUES(3590 , 38052, 1, 2000);
INSERT INTO `player`.`drop_default` (`mob_vnum`,`item_vnum`,`count`,`prob`) VALUES(3591 , 61143, 1, 2000);
INSERT INTO `player`.`drop_default` (`mob_vnum`,`item_vnum`,`count`,`prob`) VALUES(3591 , 38052, 1, 2000);
INSERT INTO `player`.`drop_default` (`mob_vnum`,`item_vnum`,`count`,`prob`) VALUES(3595 , 61131, 1, 2000);
INSERT INTO `player`.`drop_default` (`mob_vnum`,`item_vnum`,`count`,`prob`) VALUES(3595 , 38052, 1, 2000);
INSERT INTO `player`.`drop_default` (`mob_vnum`,`item_vnum`,`count`,`prob`) VALUES(3596 , 61144, 1, 2000);
INSERT INTO `player`.`drop_default` (`mob_vnum`,`item_vnum`,`count`,`prob`) VALUES(3596 , 38052, 1, 2000);
INSERT INTO `player`.`drop_default` (`mob_vnum`,`item_vnum`,`count`,`prob`) VALUES(3690 , 61125, 1, 2000);
INSERT INTO `player`.`drop_default` (`mob_vnum`,`item_vnum`,`count`,`prob`) VALUES(3690 , 38052, 1, 2000);
INSERT INTO `player`.`drop_default` (`mob_vnum`,`item_vnum`,`count`,`prob`) VALUES(3691 , 61145, 1, 2000);
INSERT INTO `player`.`drop_default` (`mob_vnum`,`item_vnum`,`count`,`prob`) VALUES(3691 , 55401, 1, 2000);
INSERT INTO `player`.`drop_default` (`mob_vnum`,`item_vnum`,`count`,`prob`) VALUES(3790 , 61133, 1, 2000);
INSERT INTO `player`.`drop_default` (`mob_vnum`,`item_vnum`,`count`,`prob`) VALUES(3790 , 38052, 1, 2000);
INSERT INTO `player`.`drop_default` (`mob_vnum`,`item_vnum`,`count`,`prob`) VALUES(3791 , 61146, 1, 2000);
INSERT INTO `player`.`drop_default` (`mob_vnum`,`item_vnum`,`count`,`prob`) VALUES(3791 , 38052, 1, 2000);
INSERT INTO `player`.`drop_default` (`mob_vnum`,`item_vnum`,`count`,`prob`) VALUES(3890 , 61132, 1, 2000);
INSERT INTO `player`.`drop_default` (`mob_vnum`,`item_vnum`,`count`,`prob`) VALUES(3890 , 38052, 1, 2000);
INSERT INTO `player`.`drop_default` (`mob_vnum`,`item_vnum`,`count`,`prob`) VALUES(3891 , 61147, 1, 2000);
INSERT INTO `player`.`drop_default` (`mob_vnum`,`item_vnum`,`count`,`prob`) VALUES(3891 , 38052, 1, 2000);
INSERT INTO `player`.`drop_mob_item_level` ( `group_id`, `item_vnum`, `count`, `prob` )  VALUES( 100, 50186 , 1, 2000 )
INSERT INTO `player`.`drop_mob_item_level` ( `group_id`, `item_vnum`, `count`, `prob` )  VALUES( 100, 50186 , 1, 2000 )
INSERT INTO `player`.`drop_mob_group_level` ( `group_id`, `mob_vnum`, `level_start`, `level_end` )  VALUES( 100, 2598 , 75, 1000)
INSERT INTO `player`.`drop_mob_item_level` ( `group_id`, `item_vnum`, `count`, `prob` )  VALUES( 101, 50254 , 1, 10000 )
INSERT INTO `player`.`drop_mob_item_level` ( `group_id`, `item_vnum`, `count`, `prob` )  VALUES( 101, 28412 , 1, 100 )
INSERT INTO `player`.`drop_mob_item_level` ( `group_id`, `item_vnum`, `count`, `prob` )  VALUES( 101, 28430 , 1, 100 )
INSERT INTO `player`.`drop_mob_item_level` ( `group_id`, `item_vnum`, `count`, `prob` )  VALUES( 101, 28431 , 1, 100 )
INSERT INTO `player`.`drop_mob_item_level` ( `group_id`, `item_vnum`, `count`, `prob` )  VALUES( 101, 28432 , 1, 100 )
INSERT INTO `player`.`drop_mob_item_level` ( `group_id`, `item_vnum`, `count`, `prob` )  VALUES( 101, 28433 , 1, 100 )
INSERT INTO `player`.`drop_mob_item_level` ( `group_id`, `item_vnum`, `count`, `prob` )  VALUES( 101, 28434 , 1, 100 )
INSERT INTO `player`.`drop_mob_item_level` ( `group_id`, `item_vnum`, `count`, `prob` )  VALUES( 101, 28435 , 1, 100 )
INSERT INTO `player`.`drop_mob_item_level` ( `group_id`, `item_vnum`, `count`, `prob` )  VALUES( 101, 28436 , 1, 100 )
INSERT INTO `player`.`drop_mob_item_level` ( `group_id`, `item_vnum`, `count`, `prob` )  VALUES( 101, 28437 , 1, 100 )
INSERT INTO `player`.`drop_mob_item_level` ( `group_id`, `item_vnum`, `count`, `prob` )  VALUES( 101, 28438 , 1, 100 )
INSERT INTO `player`.`drop_mob_item_level` ( `group_id`, `item_vnum`, `count`, `prob` )  VALUES( 101, 28439 , 1, 100 )
INSERT INTO `player`.`drop_mob_item_level` ( `group_id`, `item_vnum`, `count`, `prob` )  VALUES( 101, 28440 , 1, 100 )
INSERT INTO `player`.`drop_mob_item_level` ( `group_id`, `item_vnum`, `count`, `prob` )  VALUES( 101, 28441 , 1, 100 )
INSERT INTO `player`.`drop_mob_item_level` ( `group_id`, `item_vnum`, `count`, `prob` )  VALUES( 101, 28442 , 1, 100 )
INSERT INTO `player`.`drop_mob_item_level` ( `group_id`, `item_vnum`, `count`, `prob` )  VALUES( 101, 28443 , 1, 100 )
INSERT INTO `player`.`drop_mob_item_level` ( `group_id`, `item_vnum`, `count`, `prob` )  VALUES( 101, 85002 , 1, 100 )
INSERT INTO `player`.`drop_mob_item_level` ( `group_id`, `item_vnum`, `count`, `prob` )  VALUES( 101, 85006 , 1, 100 )
INSERT INTO `player`.`drop_mob_item_level` ( `group_id`, `item_vnum`, `count`, `prob` )  VALUES( 101, 85012 , 1, 100 )
INSERT INTO `player`.`drop_mob_item_level` ( `group_id`, `item_vnum`, `count`, `prob` )  VALUES( 101, 85016 , 1, 100 )
INSERT INTO `player`.`drop_mob_group_level` ( `group_id`, `mob_vnum`, `level_start`, `level_end` )  VALUES( 101, 6091 , 75, 1000)
INSERT INTO `player`.`drop_mob_item_level` ( `group_id`, `item_vnum`, `count`, `prob` )  VALUES( 102, 14163 , 1, 500 )
INSERT INTO `player`.`drop_mob_item_level` ( `group_id`, `item_vnum`, `count`, `prob` )  VALUES( 102, 14182 , 1, 400 )
INSERT INTO `player`.`drop_mob_item_level` ( `group_id`, `item_vnum`, `count`, `prob` )  VALUES( 102, 14201 , 1, 300 )
INSERT INTO `player`.`drop_mob_item_level` ( `group_id`, `item_vnum`, `count`, `prob` )  VALUES( 102, 16163 , 1, 500 )
INSERT INTO `player`.`drop_mob_item_level` ( `group_id`, `item_vnum`, `count`, `prob` )  VALUES( 102, 16182 , 1, 400 )
INSERT INTO `player`.`drop_mob_item_level` ( `group_id`, `item_vnum`, `count`, `prob` )  VALUES( 102, 16201 , 1, 300 )
INSERT INTO `player`.`drop_mob_item_level` ( `group_id`, `item_vnum`, `count`, `prob` )  VALUES( 102, 17163 , 1, 500 )
INSERT INTO `player`.`drop_mob_item_level` ( `group_id`, `item_vnum`, `count`, `prob` )  VALUES( 102, 17182 , 1, 400 )
INSERT INTO `player`.`drop_mob_item_level` ( `group_id`, `item_vnum`, `count`, `prob` )  VALUES( 102, 17201 , 1, 300 )
INSERT INTO `player`.`drop_mob_item_level` ( `group_id`, `item_vnum`, `count`, `prob` )  VALUES( 102, 13062 , 1, 300 )
INSERT INTO `player`.`drop_mob_item_level` ( `group_id`, `item_vnum`, `count`, `prob` )  VALUES( 102, 13082 , 1, 300 )
INSERT INTO `player`.`drop_mob_item_level` ( `group_id`, `item_vnum`, `count`, `prob` )  VALUES( 102, 13102 , 1, 300 )
INSERT INTO `player`.`drop_mob_item_level` ( `group_id`, `item_vnum`, `count`, `prob` )  VALUES( 102, 13122 , 1, 300 )
INSERT INTO `player`.`drop_mob_item_level` ( `group_id`, `item_vnum`, `count`, `prob` )  VALUES( 102, 13140 , 1, 100 )
INSERT INTO `player`.`drop_mob_item_level` ( `group_id`, `item_vnum`, `count`, `prob` )  VALUES( 102, 183 , 1, 100 )
INSERT INTO `player`.`drop_mob_item_level` ( `group_id`, `item_vnum`, `count`, `prob` )  VALUES( 102, 184 , 1, 50 )
INSERT INTO `player`.`drop_mob_item_level` ( `group_id`, `item_vnum`, `count`, `prob` )  VALUES( 102, 193 , 1, 100 )
INSERT INTO `player`.`drop_mob_item_level` ( `group_id`, `item_vnum`, `count`, `prob` )  VALUES( 102, 194 , 1, 50 )
INSERT INTO `player`.`drop_mob_item_level` ( `group_id`, `item_vnum`, `count`, `prob` )  VALUES( 102, 3163 , 1, 100 )
INSERT INTO `player`.`drop_mob_item_level` ( `group_id`, `item_vnum`, `count`, `prob` )  VALUES( 102, 3164 , 1, 50 )
INSERT INTO `player`.`drop_mob_item_level` ( `group_id`, `item_vnum`, `count`, `prob` )  VALUES( 102, 2173 , 1, 100 )
INSERT INTO `player`.`drop_mob_item_level` ( `group_id`, `item_vnum`, `count`, `prob` )  VALUES( 102, 2174 , 1, 50 )
INSERT INTO `player`.`drop_mob_item_level` ( `group_id`, `item_vnum`, `count`, `prob` )  VALUES( 102, 1133 , 1, 100 )
INSERT INTO `player`.`drop_mob_item_level` ( `group_id`, `item_vnum`, `count`, `prob` )  VALUES( 102, 1134 , 1, 50 )
INSERT INTO `player`.`drop_mob_item_level` ( `group_id`, `item_vnum`, `count`, `prob` )  VALUES( 102, 7153 , 1, 100 )
INSERT INTO `player`.`drop_mob_item_level` ( `group_id`, `item_vnum`, `count`, `prob` )  VALUES( 102, 7154 , 1, 50 )
INSERT INTO `player`.`drop_mob_item_level` ( `group_id`, `item_vnum`, `count`, `prob` )  VALUES( 102, 5123 , 1, 100 )
INSERT INTO `player`.`drop_mob_item_level` ( `group_id`, `item_vnum`, `count`, `prob` )  VALUES( 102, 5124 , 1, 50 )
INSERT INTO `player`.`drop_mob_item_level` ( `group_id`, `item_vnum`, `count`, `prob` )  VALUES( 102, 11293 , 1, 200 )
INSERT INTO `player`.`drop_mob_item_level` ( `group_id`, `item_vnum`, `count`, `prob` )  VALUES( 102, 11294 , 1, 100 )
INSERT INTO `player`.`drop_mob_item_level` ( `group_id`, `item_vnum`, `count`, `prob` )  VALUES( 102, 11493 , 1, 200 )
INSERT INTO `player`.`drop_mob_item_level` ( `group_id`, `item_vnum`, `count`, `prob` )  VALUES( 102, 11494 , 1, 100 )
INSERT INTO `player`.`drop_mob_item_level` ( `group_id`, `item_vnum`, `count`, `prob` )  VALUES( 102, 11693 , 1, 200 )
INSERT INTO `player`.`drop_mob_item_level` ( `group_id`, `item_vnum`, `count`, `prob` )  VALUES( 102, 11694 , 1, 100 )
INSERT INTO `player`.`drop_mob_item_level` ( `group_id`, `item_vnum`, `count`, `prob` )  VALUES( 102, 11893 , 1, 200 )
INSERT INTO `player`.`drop_mob_item_level` ( `group_id`, `item_vnum`, `count`, `prob` )  VALUES( 102, 11894 , 1, 100 )
INSERT INTO `player`.`drop_mob_item_level` ( `group_id`, `item_vnum`, `count`, `prob` )  VALUES( 102, 55402 , 1, 600 )
INSERT INTO `player`.`drop_mob_group_level` ( `group_id`, `mob_vnum`, `level_start`, `level_end` )  VALUES( 102, 2092 , 75, 1000)
INSERT INTO `player`.`drop_mob_item_level` ( `group_id`, `item_vnum`, `count`, `prob` )  VALUES( 103, 105 , 1, 0 )
INSERT INTO `player`.`drop_mob_item_level` ( `group_id`, `item_vnum`, `count`, `prob` )  VALUES( 103, 115 , 1, 0 )
INSERT INTO `player`.`drop_mob_item_level` ( `group_id`, `item_vnum`, `count`, `prob` )  VALUES( 103, 125 , 1, 0 )
INSERT INTO `player`.`drop_mob_item_level` ( `group_id`, `item_vnum`, `count`, `prob` )  VALUES( 103, 135 , 1, 0 )
INSERT INTO `player`.`drop_mob_item_level` ( `group_id`, `item_vnum`, `count`, `prob` )  VALUES( 103, 11290 , 1, 0 )
INSERT INTO `player`.`drop_mob_item_level` ( `group_id`, `item_vnum`, `count`, `prob` )  VALUES( 103, 11690 , 1, 0 )
INSERT INTO `player`.`drop_mob_item_level` ( `group_id`, `item_vnum`, `count`, `prob` )  VALUES( 103, 13060 , 1, 0 )
INSERT INTO `player`.`drop_mob_item_level` ( `group_id`, `item_vnum`, `count`, `prob` )  VALUES( 103, 13100 , 1, 0 )
INSERT INTO `player`.`drop_mob_item_level` ( `group_id`, `item_vnum`, `count`, `prob` )  VALUES( 103, 27987 , 1, 0 )
INSERT INTO `player`.`drop_mob_item_level` ( `group_id`, `item_vnum`, `count`, `prob` )  VALUES( 103, 70031 , 1, 0 )
INSERT INTO `player`.`drop_mob_item_level` ( `group_id`, `item_vnum`, `count`, `prob` )  VALUES( 103, 190 , 1, 0 )
INSERT INTO `player`.`drop_mob_item_level` ( `group_id`, `item_vnum`, `count`, `prob` )  VALUES( 103, 180 , 1, 0 )
INSERT INTO `player`.`drop_mob_item_level` ( `group_id`, `item_vnum`, `count`, `prob` )  VALUES( 103, 200 , 1, 0 )
INSERT INTO `player`.`drop_mob_item_level` ( `group_id`, `item_vnum`, `count`, `prob` )  VALUES( 103, 136 , 1, 0 )
INSERT INTO `player`.`drop_mob_item_level` ( `group_id`, `item_vnum`, `count`, `prob` )  VALUES( 103, 106 , 1, 0 )
INSERT INTO `player`.`drop_mob_item_level` ( `group_id`, `item_vnum`, `count`, `prob` )  VALUES( 103, 116 , 1, 0 )
INSERT INTO `player`.`drop_mob_item_level` ( `group_id`, `item_vnum`, `count`, `prob` )  VALUES( 103, 126 , 1, 0 )
INSERT INTO `player`.`drop_mob_item_level` ( `group_id`, `item_vnum`, `count`, `prob` )  VALUES( 103, 3105 , 1, 0 )
INSERT INTO `player`.`drop_mob_item_level` ( `group_id`, `item_vnum`, `count`, `prob` )  VALUES( 103, 3115 , 1, 0 )
INSERT INTO `player`.`drop_mob_item_level` ( `group_id`, `item_vnum`, `count`, `prob` )  VALUES( 103, 3125 , 1, 0 )
INSERT INTO `player`.`drop_mob_item_level` ( `group_id`, `item_vnum`, `count`, `prob` )  VALUES( 103, 15165 , 1, 0 )
INSERT INTO `player`.`drop_mob_item_level` ( `group_id`, `item_vnum`, `count`, `prob` )  VALUES( 103, 15185 , 1, 0 )
INSERT INTO `player`.`drop_mob_item_level` ( `group_id`, `item_vnum`, `count`, `prob` )  VALUES( 103, 15205 , 1, 0 )
INSERT INTO `player`.`drop_mob_item_level` ( `group_id`, `item_vnum`, `count`, `prob` )  VALUES( 103, 15225 , 1, 0 )
INSERT INTO `player`.`drop_mob_item_level` ( `group_id`, `item_vnum`, `count`, `prob` )  VALUES( 103, 71026 , 1, 0 )
INSERT INTO `player`.`drop_mob_item_level` ( `group_id`, `item_vnum`, `count`, `prob` )  VALUES( 103, 3145 , 1, 0 )
INSERT INTO `player`.`drop_mob_item_level` ( `group_id`, `item_vnum`, `count`, `prob` )  VALUES( 103, 3095 , 1, 0 )
INSERT INTO `player`.`drop_mob_item_level` ( `group_id`, `item_vnum`, `count`, `prob` )  VALUES( 103, 3160 , 1, 0 )
INSERT INTO `player`.`drop_mob_group_level` ( `group_id`, `mob_vnum`, `level_start`, `level_end` )  VALUES( 103, 2401 , 80, 1000)
INSERT INTO `player`.`drop_mob_item_level` ( `group_id`, `item_vnum`, `count`, `prob` )  VALUES( 104, 2115 , 1, 0 )
INSERT INTO `player`.`drop_mob_item_level` ( `group_id`, `item_vnum`, `count`, `prob` )  VALUES( 104, 2125 , 1, 0 )
INSERT INTO `player`.`drop_mob_item_level` ( `group_id`, `item_vnum`, `count`, `prob` )  VALUES( 104, 1115 , 1, 0 )
INSERT INTO `player`.`drop_mob_item_level` ( `group_id`, `item_vnum`, `count`, `prob` )  VALUES( 104, 4045 , 1, 0 )
INSERT INTO `player`.`drop_mob_item_level` ( `group_id`, `item_vnum`, `count`, `prob` )  VALUES( 104, 11490 , 1, 0 )
INSERT INTO `player`.`drop_mob_item_level` ( `group_id`, `item_vnum`, `count`, `prob` )  VALUES( 104, 13080 , 1, 0 )
INSERT INTO `player`.`drop_mob_item_level` ( `group_id`, `item_vnum`, `count`, `prob` )  VALUES( 104, 27987 , 1, 0 )
INSERT INTO `player`.`drop_mob_item_level` ( `group_id`, `item_vnum`, `count`, `prob` )  VALUES( 104, 70031 , 1, 0 )
INSERT INTO `player`.`drop_mob_item_level` ( `group_id`, `item_vnum`, `count`, `prob` )  VALUES( 104, 2170 , 1, 0 )
INSERT INTO `player`.`drop_mob_item_level` ( `group_id`, `item_vnum`, `count`, `prob` )  VALUES( 104, 1130 , 1, 0 )
INSERT INTO `player`.`drop_mob_item_level` ( `group_id`, `item_vnum`, `count`, `prob` )  VALUES( 104, 15145 , 1, 0 )
INSERT INTO `player`.`drop_mob_item_level` ( `group_id`, `item_vnum`, `count`, `prob` )  VALUES( 104, 200 , 1, 0 )
INSERT INTO `player`.`drop_mob_item_level` ( `group_id`, `item_vnum`, `count`, `prob` )  VALUES( 104, 1066 , 1, 0 )
INSERT INTO `player`.`drop_mob_item_level` ( `group_id`, `item_vnum`, `count`, `prob` )  VALUES( 104, 1076 , 1, 0 )
INSERT INTO `player`.`drop_mob_item_level` ( `group_id`, `item_vnum`, `count`, `prob` )  VALUES( 104, 1086 , 1, 0 )
INSERT INTO `player`.`drop_mob_item_level` ( `group_id`, `item_vnum`, `count`, `prob` )  VALUES( 104, 1096 , 1, 0 )
INSERT INTO `player`.`drop_mob_item_level` ( `group_id`, `item_vnum`, `count`, `prob` )  VALUES( 104, 2096 , 1, 0 )
INSERT INTO `player`.`drop_mob_item_level` ( `group_id`, `item_vnum`, `count`, `prob` )  VALUES( 104, 2106 , 1, 0 )
INSERT INTO `player`.`drop_mob_item_level` ( `group_id`, `item_vnum`, `count`, `prob` )  VALUES( 104, 2116 , 1, 0 )
INSERT INTO `player`.`drop_mob_item_level` ( `group_id`, `item_vnum`, `count`, `prob` )  VALUES( 104, 1065 , 1, 0 )
INSERT INTO `player`.`drop_mob_item_level` ( `group_id`, `item_vnum`, `count`, `prob` )  VALUES( 104, 1075 , 1, 0 )
INSERT INTO `player`.`drop_mob_item_level` ( `group_id`, `item_vnum`, `count`, `prob` )  VALUES( 104, 1085 , 1, 0 )
INSERT INTO `player`.`drop_mob_item_level` ( `group_id`, `item_vnum`, `count`, `prob` )  VALUES( 104, 1095 , 1, 0 )
INSERT INTO `player`.`drop_mob_item_level` ( `group_id`, `item_vnum`, `count`, `prob` )  VALUES( 104, 2095 , 1, 0 )
INSERT INTO `player`.`drop_mob_item_level` ( `group_id`, `item_vnum`, `count`, `prob` )  VALUES( 104, 2105 , 1, 0 )
INSERT INTO `player`.`drop_mob_item_level` ( `group_id`, `item_vnum`, `count`, `prob` )  VALUES( 104, 2115 , 1, 0 )
INSERT INTO `player`.`drop_mob_item_level` ( `group_id`, `item_vnum`, `count`, `prob` )  VALUES( 104, 2125 , 1, 0 )
INSERT INTO `player`.`drop_mob_item_level` ( `group_id`, `item_vnum`, `count`, `prob` )  VALUES( 104, 8008 , 10, 0 )
INSERT INTO `player`.`drop_mob_item_level` ( `group_id`, `item_vnum`, `count`, `prob` )  VALUES( 104, 11465 , 1, 0 )
INSERT INTO `player`.`drop_mob_item_level` ( `group_id`, `item_vnum`, `count`, `prob` )  VALUES( 104, 71026 , 1, 0 )
INSERT INTO `player`.`drop_mob_item_level` ( `group_id`, `item_vnum`, `count`, `prob` )  VALUES( 104, 3160 , 1, 0 )
INSERT INTO `player`.`drop_mob_item_level` ( `group_id`, `item_vnum`, `count`, `prob` )  VALUES( 104, 15203 , 1, 30 )
INSERT INTO `player`.`drop_mob_item_level` ( `group_id`, `item_vnum`, `count`, `prob` )  VALUES( 104, 15223 , 1, 30 )
INSERT INTO `player`.`drop_mob_group_level` ( `group_id`, `mob_vnum`, `level_start`, `level_end` )  VALUES( 104, 2402 , 80, 1000)
INSERT INTO `player`.`drop_mob_item_level` ( `group_id`, `item_vnum`, `count`, `prob` )  VALUES( 105, 5075 , 1, 0 )
INSERT INTO `player`.`drop_mob_item_level` ( `group_id`, `item_vnum`, `count`, `prob` )  VALUES( 105, 5085 , 1, 0 )
INSERT INTO `player`.`drop_mob_item_level` ( `group_id`, `item_vnum`, `count`, `prob` )  VALUES( 105, 7135 , 1, 0 )
INSERT INTO `player`.`drop_mob_item_level` ( `group_id`, `item_vnum`, `count`, `prob` )  VALUES( 105, 7125 , 1, 0 )
INSERT INTO `player`.`drop_mob_item_level` ( `group_id`, `item_vnum`, `count`, `prob` )  VALUES( 105, 11890 , 1, 0 )
INSERT INTO `player`.`drop_mob_item_level` ( `group_id`, `item_vnum`, `count`, `prob` )  VALUES( 105, 13120 , 1, 0 )
INSERT INTO `player`.`drop_mob_item_level` ( `group_id`, `item_vnum`, `count`, `prob` )  VALUES( 105, 27987 , 1, 0 )
INSERT INTO `player`.`drop_mob_item_level` ( `group_id`, `item_vnum`, `count`, `prob` )  VALUES( 105, 70031 , 1, 0 )
INSERT INTO `player`.`drop_mob_item_level` ( `group_id`, `item_vnum`, `count`, `prob` )  VALUES( 105, 5122 , 1, 0 )
INSERT INTO `player`.`drop_mob_item_level` ( `group_id`, `item_vnum`, `count`, `prob` )  VALUES( 105, 15125 , 1, 0 )
INSERT INTO `player`.`drop_mob_item_level` ( `group_id`, `item_vnum`, `count`, `prob` )  VALUES( 105, 200 , 1, 0 )
INSERT INTO `player`.`drop_mob_item_level` ( `group_id`, `item_vnum`, `count`, `prob` )  VALUES( 105, 7116 , 1, 0 )
INSERT INTO `player`.`drop_mob_item_level` ( `group_id`, `item_vnum`, `count`, `prob` )  VALUES( 105, 7096 , 1, 0 )
INSERT INTO `player`.`drop_mob_item_level` ( `group_id`, `item_vnum`, `count`, `prob` )  VALUES( 105, 7106 , 1, 0 )
INSERT INTO `player`.`drop_mob_item_level` ( `group_id`, `item_vnum`, `count`, `prob` )  VALUES( 105, 5086 , 1, 0 )
INSERT INTO `player`.`drop_mob_item_level` ( `group_id`, `item_vnum`, `count`, `prob` )  VALUES( 105, 71026 , 1, 0 )
INSERT INTO `player`.`drop_mob_item_level` ( `group_id`, `item_vnum`, `count`, `prob` )  VALUES( 105, 5065 , 1, 0 )
INSERT INTO `player`.`drop_mob_item_level` ( `group_id`, `item_vnum`, `count`, `prob` )  VALUES( 105, 5075 , 1, 0 )
INSERT INTO `player`.`drop_mob_item_level` ( `group_id`, `item_vnum`, `count`, `prob` )  VALUES( 105, 5085 , 1, 0 )
INSERT INTO `player`.`drop_mob_item_level` ( `group_id`, `item_vnum`, `count`, `prob` )  VALUES( 105, 7095 , 1, 0 )
INSERT INTO `player`.`drop_mob_item_level` ( `group_id`, `item_vnum`, `count`, `prob` )  VALUES( 105, 7105 , 1, 0 )
INSERT INTO `player`.`drop_mob_item_level` ( `group_id`, `item_vnum`, `count`, `prob` )  VALUES( 105, 7115 , 1, 0 )
INSERT INTO `player`.`drop_mob_item_level` ( `group_id`, `item_vnum`, `count`, `prob` )  VALUES( 105, 5066 , 1, 0 )
INSERT INTO `player`.`drop_mob_item_level` ( `group_id`, `item_vnum`, `count`, `prob` )  VALUES( 105, 5076 , 1, 0 )
INSERT INTO `player`.`drop_mob_item_level` ( `group_id`, `item_vnum`, `count`, `prob` )  VALUES( 105, 3160 , 1, 0 )
INSERT INTO `player`.`drop_mob_item_level` ( `group_id`, `item_vnum`, `count`, `prob` )  VALUES( 105, 14163 , 1, 30 )
INSERT INTO `player`.`drop_mob_item_level` ( `group_id`, `item_vnum`, `count`, `prob` )  VALUES( 105, 16163 , 1, 30 )
INSERT INTO `player`.`drop_mob_item_level` ( `group_id`, `item_vnum`, `count`, `prob` )  VALUES( 105, 17163 , 1, 30 )
INSERT INTO `player`.`drop_mob_group_level` ( `group_id`, `mob_vnum`, `level_start`, `level_end` )  VALUES( 105, 2403 , 80, 1000)
INSERT INTO `player`.`drop_mob_item_level` ( `group_id`, `item_vnum`, `count`, `prob` )  VALUES( 106, 181 , 1, 0 )
INSERT INTO `player`.`drop_mob_item_level` ( `group_id`, `item_vnum`, `count`, `prob` )  VALUES( 106, 191 , 1, 0 )
INSERT INTO `player`.`drop_mob_item_level` ( `group_id`, `item_vnum`, `count`, `prob` )  VALUES( 106, 1131 , 1, 0 )
INSERT INTO `player`.`drop_mob_item_level` ( `group_id`, `item_vnum`, `count`, `prob` )  VALUES( 106, 5121 , 1, 0 )
INSERT INTO `player`.`drop_mob_item_level` ( `group_id`, `item_vnum`, `count`, `prob` )  VALUES( 106, 2171 , 1, 0 )
INSERT INTO `player`.`drop_mob_item_level` ( `group_id`, `item_vnum`, `count`, `prob` )  VALUES( 106, 11291 , 1, 0 )
INSERT INTO `player`.`drop_mob_item_level` ( `group_id`, `item_vnum`, `count`, `prob` )  VALUES( 106, 11691 , 1, 0 )
INSERT INTO `player`.`drop_mob_item_level` ( `group_id`, `item_vnum`, `count`, `prob` )  VALUES( 106, 11491 , 1, 0 )
INSERT INTO `player`.`drop_mob_item_level` ( `group_id`, `item_vnum`, `count`, `prob` )  VALUES( 106, 11891 , 1, 0 )
INSERT INTO `player`.`drop_mob_item_level` ( `group_id`, `item_vnum`, `count`, `prob` )  VALUES( 106, 70031 , 1, 0 )
INSERT INTO `player`.`drop_mob_item_level` ( `group_id`, `item_vnum`, `count`, `prob` )  VALUES( 106, 3160 , 1, 0 )
INSERT INTO `player`.`drop_mob_group_level` ( `group_id`, `mob_vnum`, `level_start`, `level_end` )  VALUES( 106, 2404 , 80, 1000)
INSERT INTO `player`.`drop_mob_item_level` ( `group_id`, `item_vnum`, `count`, `prob` )  VALUES( 107, 184 , 1, 0 )
INSERT INTO `player`.`drop_mob_item_level` ( `group_id`, `item_vnum`, `count`, `prob` )  VALUES( 107, 194 , 1, 0 )
INSERT INTO `player`.`drop_mob_item_level` ( `group_id`, `item_vnum`, `count`, `prob` )  VALUES( 107, 12525 , 1, 0 )
INSERT INTO `player`.`drop_mob_item_level` ( `group_id`, `item_vnum`, `count`, `prob` )  VALUES( 107, 12245 , 1, 0 )
INSERT INTO `player`.`drop_mob_item_level` ( `group_id`, `item_vnum`, `count`, `prob` )  VALUES( 107, 11292 , 1, 0 )
INSERT INTO `player`.`drop_mob_item_level` ( `group_id`, `item_vnum`, `count`, `prob` )  VALUES( 107, 11692 , 1, 0 )
INSERT INTO `player`.`drop_mob_item_level` ( `group_id`, `item_vnum`, `count`, `prob` )  VALUES( 107, 13062 , 1, 0 )
INSERT INTO `player`.`drop_mob_item_level` ( `group_id`, `item_vnum`, `count`, `prob` )  VALUES( 107, 13102 , 1, 0 )
INSERT INTO `player`.`drop_mob_item_level` ( `group_id`, `item_vnum`, `count`, `prob` )  VALUES( 107, 27987 , 1, 0 )
INSERT INTO `player`.`drop_mob_item_level` ( `group_id`, `item_vnum`, `count`, `prob` )  VALUES( 107, 70031 , 1, 0 )
INSERT INTO `player`.`drop_mob_item_level` ( `group_id`, `item_vnum`, `count`, `prob` )  VALUES( 107, 25040 , 1, 0 )
INSERT INTO `player`.`drop_mob_item_level` ( `group_id`, `item_vnum`, `count`, `prob` )  VALUES( 107, 3160 , 1, 0 )
INSERT INTO `player`.`drop_mob_group_level` ( `group_id`, `mob_vnum`, `level_start`, `level_end` )  VALUES( 107, 2411 , 85, 1000)
INSERT INTO `player`.`drop_mob_item_level` ( `group_id`, `item_vnum`, `count`, `prob` )  VALUES( 108, 2172 , 1, 0 )
INSERT INTO `player`.`drop_mob_item_level` ( `group_id`, `item_vnum`, `count`, `prob` )  VALUES( 108, 1132 , 1, 0 )
INSERT INTO `player`.`drop_mob_item_level` ( `group_id`, `item_vnum`, `count`, `prob` )  VALUES( 108, 12382 , 1, 0 )
INSERT INTO `player`.`drop_mob_item_level` ( `group_id`, `item_vnum`, `count`, `prob` )  VALUES( 108, 11490 , 1, 0 )
INSERT INTO `player`.`drop_mob_item_level` ( `group_id`, `item_vnum`, `count`, `prob` )  VALUES( 108, 13082 , 1, 0 )
INSERT INTO `player`.`drop_mob_item_level` ( `group_id`, `item_vnum`, `count`, `prob` )  VALUES( 108, 27987 , 1, 0 )
INSERT INTO `player`.`drop_mob_item_level` ( `group_id`, `item_vnum`, `count`, `prob` )  VALUES( 108, 70031 , 1, 0 )
INSERT INTO `player`.`drop_mob_item_level` ( `group_id`, `item_vnum`, `count`, `prob` )  VALUES( 108, 8008 , 10, 10 )
INSERT INTO `player`.`drop_mob_item_level` ( `group_id`, `item_vnum`, `count`, `prob` )  VALUES( 108, 3160 , 1, 0 )
INSERT INTO `player`.`drop_mob_group_level` ( `group_id`, `mob_vnum`, `level_start`, `level_end` )  VALUES( 108, 2412 , 85, 1000)
INSERT INTO `player`.`drop_mob_item_level` ( `group_id`, `item_vnum`, `count`, `prob` )  VALUES( 109, 5124 , 1, 0 )
INSERT INTO `player`.`drop_mob_item_level` ( `group_id`, `item_vnum`, `count`, `prob` )  VALUES( 109, 12662 , 1, 0 )
INSERT INTO `player`.`drop_mob_item_level` ( `group_id`, `item_vnum`, `count`, `prob` )  VALUES( 109, 11892 , 1, 0 )
INSERT INTO `player`.`drop_mob_item_level` ( `group_id`, `item_vnum`, `count`, `prob` )  VALUES( 109, 13122 , 1, 0 )
INSERT INTO `player`.`drop_mob_item_level` ( `group_id`, `item_vnum`, `count`, `prob` )  VALUES( 109, 27987 , 1, 0 )
INSERT INTO `player`.`drop_mob_item_level` ( `group_id`, `item_vnum`, `count`, `prob` )  VALUES( 109, 70031 , 1, 0 )
INSERT INTO `player`.`drop_mob_item_level` ( `group_id`, `item_vnum`, `count`, `prob` )  VALUES( 109, 25040 , 1, 0 )
INSERT INTO `player`.`drop_mob_item_level` ( `group_id`, `item_vnum`, `count`, `prob` )  VALUES( 109, 8008 , 10, 10 )
INSERT INTO `player`.`drop_mob_item_level` ( `group_id`, `item_vnum`, `count`, `prob` )  VALUES( 109, 3160 , 1, 0 )
INSERT INTO `player`.`drop_mob_item_level` ( `group_id`, `item_vnum`, `count`, `prob` )  VALUES( 109, 15163 , 1, 30 )
INSERT INTO `player`.`drop_mob_group_level` ( `group_id`, `mob_vnum`, `level_start`, `level_end` )  VALUES( 109, 2413 , 85, 1000)
INSERT INTO `player`.`drop_mob_item_level` ( `group_id`, `item_vnum`, `count`, `prob` )  VALUES( 110, 182 , 1, 0 )
INSERT INTO `player`.`drop_mob_item_level` ( `group_id`, `item_vnum`, `count`, `prob` )  VALUES( 110, 192 , 1, 0 )
INSERT INTO `player`.`drop_mob_item_level` ( `group_id`, `item_vnum`, `count`, `prob` )  VALUES( 110, 1132 , 1, 0 )
INSERT INTO `player`.`drop_mob_item_level` ( `group_id`, `item_vnum`, `count`, `prob` )  VALUES( 110, 5122 , 1, 0 )
INSERT INTO `player`.`drop_mob_item_level` ( `group_id`, `item_vnum`, `count`, `prob` )  VALUES( 110, 2172 , 1, 0 )
INSERT INTO `player`.`drop_mob_item_level` ( `group_id`, `item_vnum`, `count`, `prob` )  VALUES( 110, 11292 , 1, 0 )
INSERT INTO `player`.`drop_mob_item_level` ( `group_id`, `item_vnum`, `count`, `prob` )  VALUES( 110, 11692 , 1, 0 )
INSERT INTO `player`.`drop_mob_item_level` ( `group_id`, `item_vnum`, `count`, `prob` )  VALUES( 110, 11492 , 1, 0 )
INSERT INTO `player`.`drop_mob_item_level` ( `group_id`, `item_vnum`, `count`, `prob` )  VALUES( 110, 11892 , 1, 0 )
INSERT INTO `player`.`drop_mob_item_level` ( `group_id`, `item_vnum`, `count`, `prob` )  VALUES( 110, 70031 , 1, 0 )
INSERT INTO `player`.`drop_mob_item_level` ( `group_id`, `item_vnum`, `count`, `prob` )  VALUES( 110, 3160 , 1, 0 )
INSERT INTO `player`.`drop_mob_group_level` ( `group_id`, `mob_vnum`, `level_start`, `level_end` )  VALUES( 110, 2414 , 85, 1000)
INSERT INTO `player`.`drop_mob_item_level` ( `group_id`, `item_vnum`, `count`, `prob` )  VALUES( 111, 104 , 1, 0 )
INSERT INTO `player`.`drop_mob_item_level` ( `group_id`, `item_vnum`, `count`, `prob` )  VALUES( 111, 114 , 1, 0 )
INSERT INTO `player`.`drop_mob_item_level` ( `group_id`, `item_vnum`, `count`, `prob` )  VALUES( 111, 124 , 1, 0 )
INSERT INTO `player`.`drop_mob_item_level` ( `group_id`, `item_vnum`, `count`, `prob` )  VALUES( 111, 13006 , 1, 0 )
INSERT INTO `player`.`drop_mob_item_level` ( `group_id`, `item_vnum`, `count`, `prob` )  VALUES( 111, 13194 , 1, 0 )
INSERT INTO `player`.`drop_mob_item_level` ( `group_id`, `item_vnum`, `count`, `prob` )  VALUES( 111, 13060 , 1, 0 )
INSERT INTO `player`.`drop_mob_item_level` ( `group_id`, `item_vnum`, `count`, `prob` )  VALUES( 111, 15223 , 1, 30 )
INSERT INTO `player`.`drop_mob_group_level` ( `group_id`, `mob_vnum`, `level_start`, `level_end` )  VALUES( 111, 2061 , 60, 1000)
INSERT INTO `player`.`drop_mob_item_level` ( `group_id`, `item_vnum`, `count`, `prob` )  VALUES( 112, 1064 , 1, 0 )
INSERT INTO `player`.`drop_mob_item_level` ( `group_id`, `item_vnum`, `count`, `prob` )  VALUES( 112, 1074 , 1, 0 )
INSERT INTO `player`.`drop_mob_item_level` ( `group_id`, `item_vnum`, `count`, `prob` )  VALUES( 112, 1084 , 1, 0 )
INSERT INTO `player`.`drop_mob_item_level` ( `group_id`, `item_vnum`, `count`, `prob` )  VALUES( 112, 12626 , 1, 0 )
INSERT INTO `player`.`drop_mob_item_level` ( `group_id`, `item_vnum`, `count`, `prob` )  VALUES( 112, 12645 , 1, 0 )
INSERT INTO `player`.`drop_mob_item_level` ( `group_id`, `item_vnum`, `count`, `prob` )  VALUES( 112, 13080 , 1, 0 )
INSERT INTO `player`.`drop_mob_group_level` ( `group_id`, `mob_vnum`, `level_start`, `level_end` )  VALUES( 112, 2062 , 60, 1000)
INSERT INTO `player`.`drop_mob_item_level` ( `group_id`, `item_vnum`, `count`, `prob` )  VALUES( 113, 2094 , 1, 0 )
INSERT INTO `player`.`drop_mob_item_level` ( `group_id`, `item_vnum`, `count`, `prob` )  VALUES( 113, 2104 , 1, 0 )
INSERT INTO `player`.`drop_mob_item_level` ( `group_id`, `item_vnum`, `count`, `prob` )  VALUES( 113, 2114 , 1, 0 )
INSERT INTO `player`.`drop_mob_item_level` ( `group_id`, `item_vnum`, `count`, `prob` )  VALUES( 113, 12486 , 1, 0 )
INSERT INTO `player`.`drop_mob_item_level` ( `group_id`, `item_vnum`, `count`, `prob` )  VALUES( 113, 12505 , 1, 0 )
INSERT INTO `player`.`drop_mob_item_level` ( `group_id`, `item_vnum`, `count`, `prob` )  VALUES( 113, 13120 , 1, 0 )
INSERT INTO `player`.`drop_mob_item_level` ( `group_id`, `item_vnum`, `count`, `prob` )  VALUES( 113, 15223 , 1, 30 )
INSERT INTO `player`.`drop_mob_group_level` ( `group_id`, `mob_vnum`, `level_start`, `level_end` )  VALUES( 113, 2063 , 60, 1000)
INSERT INTO `player`.`drop_mob_item_level` ( `group_id`, `item_vnum`, `count`, `prob` )  VALUES( 114, 3094 , 1, 0 )
INSERT INTO `player`.`drop_mob_item_level` ( `group_id`, `item_vnum`, `count`, `prob` )  VALUES( 114, 3104 , 1, 0 )
INSERT INTO `player`.`drop_mob_item_level` ( `group_id`, `item_vnum`, `count`, `prob` )  VALUES( 114, 3114 , 1, 0 )
INSERT INTO `player`.`drop_mob_item_level` ( `group_id`, `item_vnum`, `count`, `prob` )  VALUES( 114, 12346 , 1, 0 )
INSERT INTO `player`.`drop_mob_item_level` ( `group_id`, `item_vnum`, `count`, `prob` )  VALUES( 114, 12365 , 1, 0 )
INSERT INTO `player`.`drop_mob_item_level` ( `group_id`, `item_vnum`, `count`, `prob` )  VALUES( 114, 15203 , 1, 20 )
INSERT INTO `player`.`drop_mob_group_level` ( `group_id`, `mob_vnum`, `level_start`, `level_end` )  VALUES( 114, 2064 , 60, 1000)
INSERT INTO `player`.`drop_mob_item_level` ( `group_id`, `item_vnum`, `count`, `prob` )  VALUES( 115, 5064 , 1, 0 )
INSERT INTO `player`.`drop_mob_item_level` ( `group_id`, `item_vnum`, `count`, `prob` )  VALUES( 115, 5074 , 1, 0 )
INSERT INTO `player`.`drop_mob_item_level` ( `group_id`, `item_vnum`, `count`, `prob` )  VALUES( 115, 12206 , 1, 0 )
INSERT INTO `player`.`drop_mob_item_level` ( `group_id`, `item_vnum`, `count`, `prob` )  VALUES( 115, 12225 , 1, 0 )
INSERT INTO `player`.`drop_mob_group_level` ( `group_id`, `mob_vnum`, `level_start`, `level_end` )  VALUES( 115, 2065 , 60, 1000)
INSERT INTO `player`.`drop_mob_item_level` ( `group_id`, `item_vnum`, `count`, `prob` )  VALUES( 116, 13205 , 1, 0 )
INSERT INTO `player`.`drop_mob_item_level` ( `group_id`, `item_vnum`, `count`, `prob` )  VALUES( 116, 12664 , 1, 0 )
INSERT INTO `player`.`drop_mob_item_level` ( `group_id`, `item_vnum`, `count`, `prob` )  VALUES( 116, 13100 , 1, 0 )
INSERT INTO `player`.`drop_mob_item_level` ( `group_id`, `item_vnum`, `count`, `prob` )  VALUES( 116, 134 , 1, 0 )
INSERT INTO `player`.`drop_mob_item_level` ( `group_id`, `item_vnum`, `count`, `prob` )  VALUES( 116, 15223 , 1, 30 )
INSERT INTO `player`.`drop_mob_group_level` ( `group_id`, `mob_vnum`, `level_start`, `level_end` )  VALUES( 116, 2071 , 70, 1000)
INSERT INTO `player`.`drop_mob_item_level` ( `group_id`, `item_vnum`, `count`, `prob` )  VALUES( 117, 12525 , 1, 0 )
INSERT INTO `player`.`drop_mob_item_level` ( `group_id`, `item_vnum`, `count`, `prob` )  VALUES( 117, 13120 , 1, 0 )
INSERT INTO `player`.`drop_mob_item_level` ( `group_id`, `item_vnum`, `count`, `prob` )  VALUES( 117, 1094 , 1, 0 )
INSERT INTO `player`.`drop_mob_group_level` ( `group_id`, `mob_vnum`, `level_start`, `level_end` )  VALUES( 117, 2072 , 70, 1000)
INSERT INTO `player`.`drop_mob_item_level` ( `group_id`, `item_vnum`, `count`, `prob` )  VALUES( 118, 12525 , 1, 0 )
INSERT INTO `player`.`drop_mob_item_level` ( `group_id`, `item_vnum`, `count`, `prob` )  VALUES( 118, 2124 , 1, 0 )
INSERT INTO `player`.`drop_mob_group_level` ( `group_id`, `mob_vnum`, `level_start`, `level_end` )  VALUES( 118, 2073 , 70, 1000)
INSERT INTO `player`.`drop_mob_item_level` ( `group_id`, `item_vnum`, `count`, `prob` )  VALUES( 119, 12385 , 1, 0 )
INSERT INTO `player`.`drop_mob_item_level` ( `group_id`, `item_vnum`, `count`, `prob` )  VALUES( 119, 13120 , 1, 0 )
INSERT INTO `player`.`drop_mob_item_level` ( `group_id`, `item_vnum`, `count`, `prob` )  VALUES( 119, 3124 , 1, 0 )
INSERT INTO `player`.`drop_mob_group_level` ( `group_id`, `mob_vnum`, `level_start`, `level_end` )  VALUES( 119, 2074 , 70, 1000)
INSERT INTO `player`.`drop_mob_item_level` ( `group_id`, `item_vnum`, `count`, `prob` )  VALUES( 120, 12245 , 1, 0 )
INSERT INTO `player`.`drop_mob_item_level` ( `group_id`, `item_vnum`, `count`, `prob` )  VALUES( 120, 13100 , 1, 0 )
INSERT INTO `player`.`drop_mob_item_level` ( `group_id`, `item_vnum`, `count`, `prob` )  VALUES( 120, 5084 , 1, 0 )
INSERT INTO `player`.`drop_mob_group_level` ( `group_id`, `mob_vnum`, `level_start`, `level_end` )  VALUES( 120, 2075 , 70, 1000)
